"","mz","rt","96H-R-1","96H-R-2","96H-R-3"
"group","mz","rt","1","1","1"
"M542.7446T593.1","542.744573332641","593.127","33347491.7128314","58123467.9530846","73091714.4169754"
"M540.7468T593.1","540.746796775747","593.127","23072714.7614189","39890132.7282811","50224942.649712"
"M503.1758T296.6","503.175849195742","296.629","31893625.7637152","22580621.6709219","23324849.0463108"
"M544.7424T593.1","544.742408060103","593.127","21599914.7607806","37376352.6571628","47185961.8409799"
"M505.1704T291.4","505.170430857215","291.402","21651940.1296938","30342719.7807757","30089673.1321645"
"M952.8497T387","952.849675123072","387.042","19248142.5771369","27568698.533601","19267378.4808944"
"M912.8549T393.3","912.85490942311","393.291","12524241.7582029","18902865.5826961","12012836.6007059"
"M950.8517T387","950.851672882608","387.042","12836633.6802159","18546586.7239795","12900313.572051"
"M954.8477T387","954.847744046619","387.042","12740797.7220358","18332880.7314255","12693512.0818725"
"M910.857T393.3","910.856972162255","393.291","8520468.63127629","12825756.1559006","8123493.07842185"
"M914.8529T393.3","914.852879259039","393.291","8186810.31058956","12433236.3938963","7750640.61378264"
"M197.8074T860","197.807356177878","859.953","6590484.53365763","16668620.2936211","12020521.1822312"
"M953.8529T387","953.852922881455","387.042","6299000.75349263","9085086.30261097","6259274.75661606"
"M364.948T559.7","364.948004113234","559.718","8142734.73228773","8799852.89534869","9720722.84951289"
"M538.7489T593.1","538.748945728132","593.127","6062805.77197522","10364868.9283203","13247495.9141484"
"M362.9511T559.7","362.951109149789","559.718","6370735.4718115","6914300.34646621","7648057.11446453"
"M543.748T593.1","543.747965852133","593.113","5508322.14391018","9438834.14026893","11793029.4752344"
"M195.8103T859","195.810292054241","859.012999999998","802817.381312517","25235639.3012433","15382740.3483572"
"M546.7402T593.1","546.740163703289","593.127","5278980.36328733","8997174.74606693","11346833.3736947"
"M617.3834T674.1","617.383449868626","674.096500000002","341786.372709215","9988977.23939383","4616973.68398379"
"M913.8582T393.3","913.858222253354","393.291","3831668.50836814","5849154.42188567","3686740.13826171"
"M951.8552T387","951.855157288981","387.042","4246268.06165625","5999827.11071955","4252289.69678235"
"M461.1654T271.8","461.165416430421","271.83","8005912.72788671","7711181.33753771","16014820.9143344"
"M955.851T387","955.850961063613","387.042","4120403.58556406","5907617.58552123","4092932.59013018"
"M459.1651T277","459.165061424733","277.0425","3154933.93988702","8404803.00544726","3867933.51392816"
"M541.7501T593.1","541.750140520319","593.127","3703764.19071467","6465696.00763334","8150659.05028459"
"M948.854T387","948.853998620165","387.042","3260228.36179342","4626796.05071854","3219343.71874973"
"M199.8044T859","199.804386885145","859.012999999998","511153.186625011","7923676.54039236","4101930.95107062"
"M545.7458T593.1","545.745789505955","593.113","3601453.47443147","6105090.21279685","7731512.18752399"
"M956.8461T387","956.84612374742","387.042","3301643.96408547","4649102.60654198","3239617.40742533"
"M366.945T559.7","366.94502888074","559.718","3860632.51642902","4257406.01974646","4644186.89352492"
"M911.8604T393.3","911.860441295557","393.291","2652646.00911104","4060432.07229775","2476977.36781557"
"M915.8562T393.3","915.856159648535","393.291","2515214.7096849","3698233.49164916","2392400.55311919"
"M573.1577T291.5","573.157663343245","291.458","324797.048365435","5268847.26721859","5069409.73793101"
"M916.8511T393.3","916.851124247142","393.291","2041045.6201157","3118263.3528184","1965953.03245708"
"M908.8592T393.3","908.8592139447","393.291","2447467.86440333","3659543.99769573","2171400.4800163"
"M1038.8502T380.9","1038.85024763666","380.852","1875211.68942428","3216925.83106948","2468571.36136767"
"M917.5739T694.6","917.573869521153","694.612000000002","64931.7329151586","4712972.86743686","2528958.48474318"
"M571.1631T296.9","571.163056268014","296.938","663137.900234174","2528601.20236704","3564964.06404577"
"M630.373T776","630.372999013692","775.986","2082784.73570508","1117910.84884084","958118.936665104"
"M593.2875T461.6","593.287518970978","461.6015","4917759.59111328","1061190.39799375","1586249.9281933"
"M483.3469T760.2","483.346890476889","760.150999999998","2030346.27811639","3173866.20782623","1118619.04615384"
"M902.8263T393.3","902.826284082346","393.291","1014113.07044531","2824489.83519142","1943056.24985196"
"M918.5772T694.6","918.577246715977","694.612000000002","28310.7589025736","3984538.5952057","2084927.65060304"
"M915.5745T701","915.574505854877","700.9935","2163994.08375378","1119306.1270848","3708249.18063475"
"M431.1549T253.7","431.154915482118","253.67","1546683.80392146","3071112.64148282","3633661.79317969"
"M556.7603T689.9","556.760295234989","689.932000000002","0","1322857.98858993","3984950.19742773"
"M595.2841T456.7","595.284110847403","456.6905","1555417.97009504","2197161.36303828","2348691.27578476"
"M815.4971T629","815.497140118478","629.01","1797747.26587586","2915896.32292026","3016149.80747887"
"M704.7969T476.5","704.796909285037","476.511","1424878.21009824","2193575.55937344","1894411.076734"
"M1036.8522T380.9","1036.85223989069","380.852","1270729.93545071","2126504.66082489","1702857.84517017"
"M904.8241T393.3","904.824123901804","393.291","773752.121238116","2224658.45859083","1548222.72098834"
"M601.5039T747.1","601.503876181188","747.136000000002","303303.292726848","989984.938853866","1845636.15264609"
"M1040.8483T380.9","1040.84833748857","380.852","1214056.23733887","2041647.98349714","1638081.81516123"
"M463.1448T79.6","463.144790471271","79.5637000000002","1095383.22553369","1184371.56200747","453979.170850499"
"M609.1658T76.7","609.165818031761","76.7006500000002","680822.824257908","29977.6218305969","24493.308654361"
"M688.8022T541.8","688.80219374793","541.783","1010489.3633059","1407990.30033289","2308364.52918701"
"M615.3815T673.4","615.381476483397","673.381000000002","184826.308990095","5367814.31292969","5282461.25689998"
"M485.3473T762.3","485.347344181355","762.277999999998","1624871.02110917","1486951.07310308","862326.337963626"
"M949.8575T387","949.857526315075","387.042","1088490.86069297","1581502.07229183","1055372.06828682"
"M417.1393T79.6","417.139310063632","79.5637000000002","1013676.02491401","1173267.36192742","392905.832188574"
"M957.8493T387","957.849262447427","387.042","1038224.20336626","1473485.35117044","1027242.21245667"
"M790.7974T462.2","790.797426499962","462.169","1214647.36754715","1519081.57269401","1359049.16054777"
"M554.7624T689.5","554.762364171981","689.4525","0","863807.779607109","2689277.11134407"
"M900.8285T393.3","900.828526715729","393.291","617683.427390208","1699435.23034571","1168392.05171358"
"M632.3664T776.2","632.36635652023","776.233999999998","1168264.2896148","2063151.84099567","688315.510845698"
"M365.9513T559.7","365.951331593973","559.718","1335493.02760367","1450351.48456148","1557605.30969104"
"M558.7582T689.6","558.758174273407","689.595","2392.42660522461","763229.054145097","2773300.29266215"
"M702.7992T476.5","702.799167824508","476.511","982801.578738514","1476244.81657344","1301109.13886824"
"M717.2023T304.1","717.202285196558","304.103","769299.962364081","1383820.84744166","913975.486474072"
"M704.7969T387.1","704.796912541559","387.056","1374394.58012901","1234966.42478335","878159.946905223"
"M792.5896T703.5","792.589633853614","703.453999999998","3614.53048420804","1508836.07348943","1146130.92690392"
"M460.1684T277","460.168411082578","277.0425","815955.553951028","2208634.52482567","982751.284409424"
"M539.7523T593.1","539.75227879652","593.113","982581.671525395","1653863.99636202","2076046.72361091"
"M706.7948T476.5","706.794793913452","476.511","931546.640510688","1380793.53847282","1212125.9242546"
"M686.8044T541.8","686.804364584419","541.783","685305.068612533","966016.05592835","1565072.74040894"
"M503.1759T314.6","503.175890814676","314.565","1404445.04681434","1430626.47038755","1718323.01786858"
"M641.1451T291.6","641.145113940872","291.602","1979.94860722679","1651153.76321552","1516696.72310721"
"M599.5064T743.6","599.506416763","743.621500000002","2533930.84394196","103378.062122803","125249.377755474"
"M363.9544T559.7","363.954445090817","559.718","1030964.1483907","1129361.27620923","1244631.06625306"
"M547.7436T593.4","547.743626636713","593.417","851775.982943273","1601864.41820316","1901742.24060226"
"M621.3679T754.5","621.367878810618","754.453000000002","930002.245905214","1097032.92647595","481183.136623852"
"M639.1506T296.2","639.150587572252","296.1685","27011.7881382872","894879.200438195","1632588.34927082"
"M690.8001T541.8","690.800054240683","541.783","647877.253091279","898941.530559196","1450544.92507316"
"M574.1612T291.5","574.161244968402","291.514","97036.1046226592","1539530.15338893","1431049.73386306"
"M909.8627T393.3","909.862689760387","393.291","753225.854812638","1112472.95834281","651408.658131332"
"M929.845T393.3","929.845030361005","393.291","762196.444836434","999777.630642123","622732.627962315"
"M917.8544T393.3","917.854351629438","393.291","607005.772723391","940669.307772947","598588.529592832"
"M790.5917T703.5","790.591720763651","703.453999999998","0","1208727.71562817","942978.589369625"
"M788.7996T462.2","788.799580961513","462.169","820211.354462963","1027503.51539079","932460.587534334"
"M1039.8537T380.6","1039.85365584653","380.558","683949.586667034","1116301.21322875","858735.283278352"
"M794.5875T703.5","794.587463140232","703.453999999998","0","1079636.15929156","852437.500472979"
"M792.7953T462.2","792.795327120777","462.169","764516.541821609","987399.315609018","883878.751943332"
"M816.5005T629","816.500543852461","629.01","871665.725035035","1379584.58561672","1422230.41671407"
"M936.855T427.9","936.854965535104","427.923","668367.010128676","898920.822300078","664164.77809205"
"M484.3504T760.1","484.350389709955","760.14","695299.527444598","1233594.85544815","477059.120960835"
"M746.8074T387","746.807417576799","387.042","598150.917747585","960477.585224983","693121.301558594"
"M368.9421T559.7","368.94206626726","559.718","839703.948446266","884417.598771818","986660.348216666"
"M162.8385T829.4","162.838526970042","829.396999999998","916132.898436667","901325.769139714","655474.555179888"
"M594.291T461.6","594.29100248745","461.6015","1719372.53815582","373130.558491341","561083.54813672"
"M429.1529T259.2","429.15292401387","259.1985","3518728.50259852","195065.769132969","49346.6026837373"
"M702.7992T387.1","702.79916786873","387.056","668005.964935097","944743.046792396","639251.452283557"
"M160.8415T826.4","160.841458846154","826.393999999998","1097072.89685896","1446309.89398794","533117.213481354"
"M922.8394T405.2","922.839364256338","405.222","814155.616114203","1255653.60755822","463039.687950314"
"M706.7948T387.1","706.794803289075","387.056","882242.142221539","775410.456921806","622245.886031321"
"M800.5749T707","800.574862723444","707.021500000002","998735.563007045","554652.20917535","556045.837166277"
"M461.1503T73.3","461.150268660905","73.2931000000002","366083.886269593","542654.158951367","610904.437910435"
"M719.1944T307.6","719.194415438368","307.597","590910.121646633","883908.189001551","356813.871938682"
"M423.2225T459.2","423.222549336509","459.218","632908.424968565","1096241.21213562","645469.09396589"
"M599.1738T81.6","599.173832674485","81.5563999999998","1164495.56233702","614753.083452698","516769.295174646"
"M931.843T393.3","931.842964631531","393.291","511568.482962884","650632.836787399","404164.547011433"
"M903.8299T393.3","903.82987509028","393.291","288663.447396143","825487.26452413","577012.269393697"
"M665.1386T348","665.138642035153","347.976","1214191.86068822","586494.093765245","108064.723488345"
"M596.2879T456.7","596.287915990248","456.6905","544997.048454711","801233.449194393","851874.538323729"
"M141.8676T65.6","141.867570317296","65.6175","73613.7451784546","68976.1598759331","1277.14219604797"
"M143.8646T64.1","143.864603864096","64.1440000000002","48837.0774176057","39980.7945386393","172.186037208283"
"M229.1018T107.6","229.101784162167","107.6175","11073.1577957427","36481.3627811279","20666.7564205901"
"M231.0981T109.9","231.098054939702","109.8855","4909.85053777087","55514.2832246745","46088.3971229721"
"M235.1698T588.8","235.169773650959","588.819","21425.4722831646","23775.5412422161","57890.2712205079"
"M267.0297T75.6","267.029734032718","75.58455","30689.9018426627","11252.6594956504","37788.8779895712"
"M269.0254T75.7","269.025373183226","75.7485","32096.0954669608","11198.3828815008","41096.841629305"
"M270.8687T379.7","270.868664221062","379.656","65408.8606114906","40258.5346562937","32588.4854061729"
"M283.2636T546.9","283.263646003289","546.932","487087.845813994","112615.33372128","67622.1397031174"
"M297.9379T246.2","297.937877262102","246.154","6842.14895828114","42350.9106355322","82098.0165230307"
"M299.9348T246","299.934834416164","245.992","20531.6423789483","47391.4483238932","87952.3855524935"
"M308.8947T296.6","308.894742269318","296.621","107474.374764417","95032.1172962782","31717.0639721355"
"M310.8927T294.6","310.892703375875","294.555","45283.5529933426","38255.5311376579","51082.9606800618"
"M320.9124T484.9","320.912382253389","484.9265","23441.4328134869","15325.7721442261","35994.6155845907"
"M322.9104T484.3","322.910413046654","484.258","22230.4868443603","35122.6741275049","80614.2816716657"
"M327.1228T282.7","327.122828941901","282.738","91777.6554503675","285525.254667546","496884.506664189"
"M328.1262T283.3","328.126241917235","283.2625","10412.8083537583","47057.2071786297","70422.9315297408"
"M329.1235T286.7","329.123490410106","286.7435","110194.953802632","123461.999282553","152436.891125325"
"M329.1386T324.7","329.138614870326","324.719","102117.56581307","53782.3321516113","134329.120395176"
"M331.1391T324.1","331.139114305548","324.078","109088.40240053","147435.392736929","96084.9860943349"
"M347.1986T551.3","347.198640140253","551.301","121779.436377594","168894.703057215","471683.733481179"
"M349.0961T92.6","349.096078880212","92.6403","132945.960336189","139707.889994785","173407.147243637"
"M352.1395T78.9","352.139485953637","78.9165","36307.5098762303","49517.8403510498","29591.7279534399"
"M361.164T270.1","361.164034012394","270.051","114857.385466322","432540.11455739","504526.134076335"
"M361.178T537.3","361.177966484552","537.326","45188.4256620954","58469.3487158001","189806.190314596"
"M361.2013T397.2","361.201305241579","397.152","35267.9975939812","90897.8779649025","24277.1368628627"
"M363.1587T273.9","363.158713989402","273.898","122345.69239792","254739.897490756","211183.029973433"
"M363.2016T474.9","363.201571461928","474.914","40427.8801322127","73963.7968223265","65262.4473910047"
"M367.9484T559.7","367.948359748356","559.718","625442.383580555","687002.523673465","751223.955217985"
"M369.2046T694.2","369.204550928755","694.183000000002","288439.485442674","786657.253514563","402477.491403093"
"M369.9454T560","369.94544029172","560.022","132922.110023368","140858.221699851","157489.007306376"
"M370.9391T560","370.9391388763","560.022","62141.2997557481","61449.0794766981","64996.4002644276"
"M371.1187T76","371.118717679244","75.9541000000002","139974.488631628","187520.923711215","153689.47168938"
"M371.1526T79","371.152552049197","78.9721000000002","77080.9404944763","98681.4799424194","70959.7457061853"
"M371.2015T694.6","371.201532593101","694.615000000002","4492.75444365417","269076.98117448","120070.401763106"
"M373.0711T91.7","373.071086831117","91.6917","100174.099069817","236237.002904607","206479.587718683"
"M373.113T81","373.113041775677","80.9538","219324.768778031","203542.153951088","136651.415363733"
"M375.0668T90.9","375.066837296344","90.9055000000002","164618.87378425","316303.517412197","295696.655462122"
"M375.1117T82.8","375.111730453103","82.8484999999998","32200.6522624512","144160.340790781","90619.5723497021"
"M375.1803T480","375.180253172371","480.0375","21472.8955200425","40026.2184478664","13946.5981921233"
"M386.1297T74.6","386.12971208153","74.6346","19420.4781470478","40614.3797154155","33325.3281324219"
"M387.23T545.9","387.230000048065","545.906","90715.322286883","221830.429123012","391456.720015404"
"M389.1274T81.6","389.127422918128","81.6436999999998","163396.527056797","407436.183572496","94535.8492971442"
"M389.1444T92.6","389.144423756976","92.6176999999998","95594.9790660256","81881.1689756991","74265.5547682306"
"M389.227T545","389.226958548327","544.9675","285128.044205158","87685.268736374","130771.432005449"
"M391.1239T81.6","391.123878007617","81.6436999999998","163334.227633858","330767.826869311","187776.935041129"
"M391.143T95.3","391.143045751792","95.2755","61226.8651187674","73428.2958530135","45754.901029773"
"M395.1914T253.5","395.191369305675","253.514","383342.184070312","1768779.68119658","892972.307471755"
"M401.2092T551.8","401.209159358055","551.835","79815.1720919413","109540.456850439","127451.747621651"
"M403.083T75.6","403.082979820979","75.58455","38274.579968811","31437.7559474941","48389.9265668769"
"M403.2247T554.7","403.224691741543","554.657","364452.45065528","534370.630651178","662339.945611767"
"M404.2282T554.7","404.228171866764","554.657","93564.7491580182","115217.379331347","182703.340038077"
"M405.1069T74.3","405.106931875971","74.3049","23311.2212649211","34941.0591111816","33264.0989419643"
"M405.2219T554.3","405.221909305445","554.334","531817.600303585","197619.980881507","213551.820180722"
"M407.3157T793.7","407.31574584881","793.702999999998","1027921.64907477","624784.463853844","514999.333718478"
"M409.3102T803.5","409.310231115474","803.524000000002","312092.782498549","348073.937691374","325071.071660155"
"M410.3136T803.5","410.313630329881","803.524000000002","62181.6260139974","98343.8115733762","82743.8932901857"
"M412.9656T629.2","412.965622506207","629.229499999998","213237.680022955","520992.562340072","123458.305636716"
"M413.1938T459.7","413.193821494956","459.702","101310.704884234","205285.07337085","96578.61555855"
"M415.1447T78.9","415.14466702537","78.861","288838.991420987","399400.095494573","419947.491173933"
"M415.1907T460","415.190733365513","460.0075","32435.8654631603","48865.8676540829","18717.4599976982"
"M418.1427T79.6","418.142688267888","79.5637000000002","186933.394939089","220959.261233197","72023.1669008259"
"M421.1261T175.9","421.126121924735","175.886","102168.387038381","454807.262562598","347622.31433817"
"M421.1344T79.3","421.134391774982","79.3368","20097.8146751685","71945.7420972269","38767.4911280243"
"M421.1638T258.6","421.163762847898","258.599","159928.427061328","1294434.91637657","510247.537179546"
"M423.1232T177.1","423.123181490677","177.11","839611.156400174","109237.210225195","104778.936900736"
"M424.226T459.6","424.226025600218","459.641","132112.786703327","230582.822409628","120552.843460419"
"M425.0904T74.7","425.090412647816","74.7174","48218.7433509865","20477.1652601624","16684.2821321576"
"M425.2172T469","425.217213182801","469.028","67955.4751757457","162342.672808911","185992.937195238"
"M430.9383T559.7","430.938310543582","559.718","92733.1682179643","98994.4406590324","119305.106012776"
"M432.9353T559.7","432.935284515217","559.718","128658.787818166","125406.853712158","156915.177332596"
"M434.1075T174.9","434.107474455496","174.932","224814.910384065","387823.448608279","231455.988545613"
"M434.9325T559.7","434.932464703961","559.713","54503.9789065743","60221.6401525456","70455.2549573544"
"M436.1045T174.9","436.104485638883","174.932","65599.5752664489","114290.273503775","71673.9734409549"
"M438.252T312.8","438.251953654032","312.826","0","117866.741514439","65422.6165747069"
"M439.1641T469.6","439.164064658373","469.6205","9066.27163847443","22249.6825209637","20845.7195138551"
"M444.1523T385","444.152306428569","384.99","90371.6861606065","82707.4045957032","59014.2455408766"
"M446.1659T81.9","446.165896947011","81.8565","154445.023879822","368116.176287932","150812.586824992"
"M451.1599T80.2","451.159894623184","80.21445","79632.8196625211","82903.3228547044","54656.3410351582"
"M455.1009T74.6","455.100925331285","74.6346","135794.689874315","251422.947506479","148131.024379836"
"M458.1497T80.3","458.149685317939","80.2537999999998","42164.551170536","30934.5080729536","18147.5795499768"
"M459.1499T80","459.149893993724","79.9576000000002","100247.31508526","134841.292966699","61256.4219765373"
"M460.8384T547.7","460.838414615606","547.661","25769.4281236505","64747.0810578524","95502.7432942291"
"M462.8363T547.5","462.836260327364","547.505","91482.3775329","189899.137028319","286217.234984243"
"M463.8396T546.9","463.839610312755","546.8705","9425.29767690544","27244.3687413916","43148.796181124"
"M464.1482T79.6","464.148218223032","79.5637000000002","222041.647251964","227589.746971923","80112.0678506518"
"M464.3299T75.6","464.32994823104","75.5677999999998","12028.784182031","71618.5839612201","39081.9630510971"
"M464.8341T547.7","464.834114208261","547.661","93805.0951540975","188464.58008052","288800.021600935"
"M465.1466T79.5","465.146595373959","79.4596999999998","74550.8747992367","139218.203470941","97978.0013010777"
"M465.8376T546.9","465.837551069181","546.8705","9829.50324977247","25296.8346280887","46102.2753062305"
"M466.8321T547.5","466.832117262623","547.505","26923.5475732217","56903.6288481618","83806.8185798258"
"M467.0719T170.6","467.07189107978","170.597","181315.880551304","225675.627782365","124203.354391755"
"M471.2072T315.1","471.207210920651","315.075","135170.135456452","228386.919782903","304777.311868445"
"M473.1325T77.8","473.132499415199","77.8315999999998","37564.9192553353","12696.3746466151","46536.4633278862"
"M475.1295T74.3","475.12952364045","74.3049","37255.4351165913","37258.2354155059","35084.7008781169"
"M476.8519T633","476.851871998682","632.983000000002","64050.9358230377","62106.5811648368","89236.5143085399"
"M477.1391T275.1","477.139131127","275.0555","42164.438963494","116799.535441482","67320.4577929861"
"M478.8498T633","478.849848245063","632.983000000002","57504.8332678045","62388.3170302167","90483.4087954813"
"M479.1409T278.8","479.140892423486","278.8445","13730.0608601973","137212.354669218","36011.1382898436"
"M483.1264T78.7","483.126415909519","78.6742000000002","173637.592163438","182491.4901621","115759.77375293"
"M483.2905T517.7","483.290450769976","517.705","538075.358342093","682960.397344195","782555.087819128"
"M485.1233T78.3","485.123311705883","78.2503999999998","52092.4353819516","50862.0860990176","24578.6194447211"
"M485.2878T517.5","485.287768283549","517.505","305642.510363943","404937.082376162","298319.30769264"
"M486.3507T762.6","486.350688522042","762.586999999998","474991.923668533","438256.566113254","214070.835134923"
"M489.1182T151.8","489.11822876473","151.832","214282.165050041","374717.046549594","318260.134965414"
"M491.1145T150.6","491.11453062469","150.621","440608.497058793","536419.777080777","380824.746786953"
"M494.1508T296.9","494.150772082327","296.933","545315.261781726","216744.374142579","156968.938233858"
"M496.1452T291.3","496.145206225032","291.3075","274828.05278441","220683.2190262","394604.942517229"
"M497.1057T77.7","497.105724095697","77.7362500000002","70457.9614357422","76263.1106221754","46912.1647345369"
"M497.2381T350.9","497.238056643376","350.921","144817.643614946","221141.586197529","162396.48231959"
"M499.1029T77.6","499.102879227272","77.5769500000002","18226.2592904664","15772.6958957666","25189.6338665264"
"M499.1787T286.7","499.178725213167","286.6935","13765.5712297978","178116.912983826","163310.239598603"
"M499.2384T354.8","499.238361458646","354.815","87183.5820828762","229829.855947266","276393.937606504"
"M505.1705T313.3","505.170491552429","313.328","529877.096275775","903980.240585155","713167.555235536"
"M505.2797T394.1","505.279701115964","394.084","130694.614539931","108596.131111111","23810.2864652047"
"M506.1739T314.3","506.173923757359","314.346","145429.545084047","250675.255044183","176694.293773577"
"M507.2587T388.2","507.258654343981","388.206","54397.9582079061","57576.9877726667","61876.5545247801"
"M507.3236T598.6","507.3236074857","598.571","313823.566200342","207754.020621711","217678.973643378"
"M511.0905T78.1","511.090522856625","78.0597","51621.278231511","52123.5497552432","11613.0940291721"
"M512.2574T439.4","512.257428345722","439.3595","10458.1700882638","29785.0655522696","25553.9509736328"
"M514.9546T292.9","514.954579261222","292.911","47863.6079471316","61214.6871458333","16794.4115576924"
"M516.9525T292.7","516.952517204055","292.694","88149.87659067","130130.741620036","44300.9686685296"
"M517.2514T526.7","517.251417594695","526.678","110541.774174766","100298.328023309","301139.768718367"
"M518.9507T293","518.95071153949","292.994","42407.307405725","47593.7295014937","19394.3174643861"
"M519.2486T528.8","519.248596776925","528.815","77172.7958532855","91991.1096969698","87392.4618618336"
"M521.3027T600.5","521.302742650861","600.474","445691.612515089","323376.929036865","261247.0600577"
"M523.3057T598.6","523.305674994506","598.555","25212.5104511721","983931.506131409","697022.853254055"
"M524.8368T593.3","524.836751502971","593.2685","6282.20539038571","49402.6057368387","35212.3141812338"
"M525.2888T409.4","525.28881816027","409.395","30690.8704242707","74319.3970114064","43404.9898635253"
"M525.3211T825.8","525.321050085257","825.826999999998","573286.439089021","468171.994208338","373341.812641471"
"M527.2406T388.5","527.240575122671","388.523","208379.480455627","208298.780208333","56131.5585446291"
"M527.3008T596.5","527.300781828553","596.459","104854.276491001","230159.186223203","223446.491389465"
"M527.3172T824.7","527.317223009793","824.650000000002","130269.159926488","319038.010756051","132519.307528595"
"M529.2374T389.5","529.237406976846","389.526","59649.2730067511","49733.0955633787","54758.2299445804"
"M529.3137T825.1","529.31374217551","825.083500000002","17047.3394764066","114775.29486193","40452.3565217667"
"M535.3629T461.6","535.362947123099","461.593","274979.684051014","308014.30261536","331000.387042114"
"M539.2862T408.2","539.286155777306","408.1995","118903.809612641","99487.8612628613","116082.296973541"
"M540.2885T408.5","540.28853600153","408.4985","28071.502210583","48226.2619544789","50616.9744895017"
"M541.1315T295.1","541.131516495186","295.077","13132.0119959886","53463.3690839844","79140.8603662866"
"M541.1915T360.3","541.191463501017","360.301","78864.9979365236","114886.495603097","145192.58359375"
"M541.2645T295.4","541.264460557733","295.386","97964.4157045598","222896.979894532","104557.301560974"
"M542.0963T290.3","542.096293044226","290.264","2295.11837304425","503993.881404015","256286.572646486"
"M542.2677T295.2","542.267726876638","295.233","15755.470106204","57430.8554780779","26175.3562530049"
"M543.2438T79","543.24375862549","78.9721000000002","159774.151656701","206936.188369897","140188.106008391"
"M543.2719T400.8","543.271880447671","400.8055","28482.8616293131","34087.0483996198","24573.6829864143"
"M543.3449T582.2","543.34488158025","582.229","32313.3473047667","39370.3346199065","25153.9571877893"
"M545.2464T511.6","545.246379032089","511.551","123935.815829719","69332.0493010607","4152.46255985144"
"M545.338T458.2","545.33797712866","458.185","67843.4586587058","138121.564198117","78742.6893477024"
"M545.338T576.6","545.337952324323","576.6185","154314.936505738","22257.1210173456","17374.5032084107"
"M547.2266T341.1","547.2266143627","341.147","12985.1946355924","23430.0048961047","64244.8754022522"
"M547.2434T511.7","547.243373425293","511.6885","87202.5970301885","54880.8475123747","783.659996515445"
"M548.7463T593.2","548.74627275615","593.151","68353.6159770008","135194.282513739","164933.582286859"
"M549.119T305.4","549.119015719433","305.3725","1480.61301904347","54361.5421231733","167223.796449673"
"M549.2232T335.7","549.223208692204","335.692","27723.5737662617","70149.2682500002","48853.6851521812"
"M549.2363T78.9","549.236339973782","78.861","15234.8093326701","18858.4261653212","16271.7762202854"
"M549.3421T457.6","549.34213782061","457.577","165786.377764474","366041.312689453","253303.032420015"
"M551.1184T310.5","551.118355544543","310.5125","136419.717166636","44431.242256279","13351.783153533"
"M551.2964T508.5","551.296356517891","508.471","54331.7368837689","110414.172887744","61130.2749026036"
"M551.3217T608.2","551.321655219894","608.1975","114250.286154782","295739.466487574","196586.087612351"
"M552.7645T689.5","552.764546756284","689.4525","0","201586.52739546","692842.366574462"
"M553.2923T424.7","553.292322622063","424.663","94653.0860546871","253794.497372189","303616.726390903"
"M553.2924T514.1","553.292403053265","514.073","67911.5811432153","197178.872111626","205607.440393265"
"M553.3135T600.3","553.313500866925","600.2835","133368.766897116","275123.021719454","191863.165279487"
"M554.2956T424.7","554.295620298133","424.663","38247.3666860519","85156.0439512396","104455.708799017"
"M555.1902T317.4","555.19018135575","317.367","114629.119841148","69085.3652569703","37081.1846087325"
"M556.2671T602.3","556.267137925595","602.251000000002","40585.5249457805","69046.151174107","43391.6864807012"
"M557.1864T314.2","557.186447642241","314.165","37206.1350730041","63179.9238216147","63706.5252867052"
"M557.7637T690","557.763682854798","690.018","3153.59634933727","190525.886697368","716164.235727398"
"M559.7617T689.5","559.761672390187","689.4525","0","85879.9303662514","451386.991769964"
"M560.7561T689.7","560.756113875019","689.732500000002","2624.40361953865","147524.460339907","572795.290170324"
"M562.1764T866.4","562.176357206219","866.397","397859.898476309","1071980.48643294","401495.440081828"
"M564.1731T865.8","564.173056725432","865.8015","564579.005056567","751121.749748746","236584.318554329"
"M567.2994T602.2","567.299399854893","602.242000000002","36962.4565621163","84134.3202257383","58673.2666568716"
"M569.2439T410.2","569.243874936588","410.22","35032.4166001675","44521.1000335117","72751.8560066023"
"M569.2803T437.2","569.280250334706","437.192","30605.8382796223","45984.8426681374","44233.0633208204"
"M572.1667T296.9","572.166664992073","296.938","164917.050911593","644062.721897591","917192.063936896"
"M572.2055T80.7","572.205484364739","80.6584999999998","251893.007653743","369285.279562849","142715.329101747"
"M573.2459T408","573.245882096481","408.0485","685.851287551224","16340.0578083007","27196.1128417966"
"M573.3058T457.3","573.305762242369","457.288","279400.325441162","1376743.82232265","548912.251670973"
"M574.3091T457","574.309082193182","456.989","97332.8991939312","501451.828574016","189509.157203162"
"M575.1642T291.3","575.164183193181","291.3075","14216.0069022328","241032.77582237","264936.82581543"
"M581.1762T438.9","581.176164667772","438.9035","28124.0405447458","35187.8157547434","22199.7743360017"
"M581.2424T399.9","581.242441030862","399.891","108536.886001674","88316.3400919188","81267.0721262722"
"M582.1899T172.9","582.189879526648","172.873","975348.670650766","1519080.52036554","1182882.33005819"
"M584.1849T172.2","584.18489990155","172.2495","3146001.28195821","118674.767588776","76006.9053194139"
"M586.2129T438.5","586.212933711749","438.543","39268.1348196413","182126.16543855","103246.355481608"
"M587.2162T438.6","587.216218367627","438.598","8227.32581829727","46625.6185399465","18065.2833017579"
"M589.2127T293.8","589.212703953294","293.83","65512.6877582474","71523.2046005994","56019.5783709089"
"M591.2047T438.5","591.204713850429","438.543","43731.7012749408","164578.461916992","96743.6666621487"
"M592.2083T438.5","592.208251817169","438.451","8261.68225668023","43707.232475396","21928.2759980794"
"M592.2833T396","592.283339384449","395.955","143732.590803307","126532.263766044","45455.2058079493"
"M593.14T300.3","593.140029898861","300.345","70677.9309430063","27506.3042132209","23586.9359408162"
"M593.2169T396.9","593.216903069779","396.852","666077.284723903","780125.290944868","875997.470828824"
"M594.2203T396.6","594.220260204975","396.554","270800.389978304","303515.807837996","366256.774545792"
"M595.2233T397.7","595.223294191871","397.679","43286.1664005402","66397.3139679283","59776.2615234373"
"M596.2184T411.8","596.218392045799","411.789","20426.2717979004","19467.9217265462","14801.5421201171"
"M597.1701T390.9","597.170105551164","390.8625","65872.8865090167","59814.594202071","11236.7231600288"
"M597.1966T298","597.196586825215","297.9525","189379.818212655","543757.323546448","231750.417149772"
"M597.2906T456.7","597.290557452135","456.686","108885.928627876","144054.54969728","184630.834688064"
"M598.1999T297.6","598.199864824153","297.6475","105725.138093801","106760.936161011","54778.9403878621"
"M599.2122T339.6","599.212188568039","339.6345","76160.7073268527","166645.280686671","91018.2768694419"
"M600.1772T81.6","600.177188152045","81.5563999999998","335068.728854306","167670.328822266","130358.076776741"
"M600.7032T593.5","600.703244068953","593.455","91597.6858431656","60621.1009269538","102412.656409629"
"M601.1766T80.5","601.176607177785","80.4526999999998","237069.846495873","352972.100012157","340846.333322927"
"M602.5074T747.1","602.507412695573","747.136000000002","112671.441218129","386103.912843883","699222.953441158"
"M602.7012T593","602.701183084763","592.9915","69349.3132601212","38004.5699997358","78332.6986839818"
"M603.2073T340.8","603.207320709028","340.787","31828.0887945556","167520.255400616","110317.118342754"
"M605.2302T148.2","605.230226433257","148.163","318826.056873891","687787.158132269","401462.812479167"
"M606.7359T593.2","606.73593703249","593.151","79928.1373043405","112493.919434027","173954.620963754"
"M607.1962T401.4","607.196217577284","401.3685","39191.865237564","71806.5578490949","108688.849211864"
"M607.2236T141","607.223643624134","141.0015","310731.629141606","295319.407913475","203313.438248833"
"M608.7342T593.5","608.734202559049","593.455","337376.414926078","504943.200113767","720362.055421563"
"M609.2905T377.9","609.290458099313","377.868","269279.932564887","364923.738449454","361310.419185669"
"M609.7374T593.3","609.737395615107","593.291","47821.8792645475","75640.399450566","105372.633958257"
"M610.732T593.5","610.731976699853","593.455","493203.664707242","733216.222684253","1093515.62432505"
"M610.7885T655.3","610.788479597758","655.257","0","38811.3857285829","27846.5214547486"
"M611.2521T383.1","611.25210616531","383.0715","12907.772993207","34323.6829821938","41061.7067670902"
"M611.5429T790.9","611.542865731572","790.893","790357.87902497","245844.683114819","58313.3094121905"
"M611.7355T593.2","611.735481867609","593.151","67021.2744993658","115093.131675781","158809.436244574"
"M612.7299T593.5","612.729860724588","593.455","323689.487045459","441416.723381102","711835.37626537"
"M612.7864T655.6","612.786366788233","655.554499999998","4333.65614129196","49225.6906124905","37169.3577371655"
"M613.1889T184.8","613.188918114268","184.805","248633.117609929","870092.439435059","541157.532192297"
"M613.54T794.4","613.539982843564","794.445499999998","797026.317246183","327257.991552848","431129.572060447"
"M613.7333T593.3","613.733307062457","593.2685","44521.1675636909","63556.6753138917","102947.610163872"
"M614.1596T74","614.159649735916","73.9731","22302.7953327618","32432.0434515407","64866.7582592077"
"M614.7279T593.4","614.727887665656","593.417","62797.3788383724","104073.409349493","145604.568604052"
"M615.1825T181.3","615.18254878961","181.3015","36350.7873038862","899961.465643794","416942.288292734"
"M615.2778T374.8","615.277755368438","374.779","59285.7631661755","143843.111846191","65070.0066087339"
"M617.1535T73","617.153506911306","72.9553999999998","76083.8324307048","114493.039034747","68728.7526792486"
"M617.2439T382.3","617.243864999793","382.339","88123.8235947265","129044.354515535","52838.4115319474"
"M618.1569T72.8","618.156876926879","72.7533","14023.9434745084","24364.0363117218","17805.403696582"
"M618.3872T781.4","618.387160312092","781.435000000002","1241821.61118179","164381.510015835","199039.775485724"
"M623.3645T751.9","623.36452284916","751.929","908625.105757201","314174.119943551","286967.927794159"
"M625.2704T375.1","625.270429814922","375.1005","169994.920328826","27668.3170854492","30720.1491518555"
"M625.2963T391.3","625.296294213069","391.344","12014.6194629949","196473.148702148","116182.71857312"
"M627.2071T418.6","627.207096488602","418.588","17324.4377754786","41912.6943149903","32217.650712505"
"M627.2562T396.3","627.256189991264","396.252","67463.871249756","168276.498853896","65697.8916817889"
"M627.2647T375.7","627.264686389394","375.691","185735.912550745","630031.223110351","590152.692602437"
"M628.2681T375.7","628.268092724554","375.691","45373.3649336453","192433.217634898","194553.7519345"
"M629.2649T375.1","629.264922421913","375.12","503124.883732413","1234923.36973854","733366.409339853"
"M630.1663T181.1","630.166286681995","181.131","2617.51263596925","770645.762400352","307076.179303301"
"M631.1697T179.7","631.169726711072","179.653","36374.4428597466","315719.873535472","122120.017506718"
"M633.3677T775.1","633.36768479638","775.092","67516.5631256974","56268.7942934779","48890.9230287062"
"M634.8302T564.9","634.830238458744","564.899","19814.2945946984","53514.8472011983","45150.6562272947"
"M635.2122T377.4","635.212163117013","377.359","45632.4592436727","115515.366230469","42394.7914052035"
"M635.2335T398.1","635.233462468476","398.07","76761.6646522789","126294.564507865","152776.755309012"
"M636.2364T398.1","636.236430049235","398.07","20136.3368774626","37060.8830470148","41417.7032365829"
"M636.8283T564.6","636.8283091024","564.59","12726.5377071929","46036.5918416795","52563.0193955719"
"M637.2124T389.8","637.212448552896","389.818","21608.7926028077","17228.3220925728","38338.8859365611"
"M637.2371T456.3","637.237063104217","456.25","48192.4762950136","30091.966519181","31570.8811623925"
"M639.0907T291.5","639.09068878981","291.458","5908.81687160581","24836.3721461124","35583.9302649875"
"M640.1541T296","640.154099081378","296.0125","7667.77451296161","247851.880635057","424435.07200435"
"M642.1486T291.6","642.148576336833","291.608","0","494493.501953532","456965.292"
"M643.1511T291.6","643.151116479264","291.608","2300.46772455411","91174.586746383","101071.00406957"
"M643.2231T385.1","643.223149549327","385.1385","14739.0643981093","59961.876178035","37628.2672422656"
"M649.9161T455.8","649.916126705078","455.8","882436.415316432","21759.0271609996","36864.118398909"
"M651.3949T74.4","651.394894271463","74.4361000000002","3174.21566866205","38351.8274770508","20722.7599704434"
"M652.4978T797.1","652.497823290696","797.075500000002","2240.44605867429","267011.011746685","193735.170711687"
"M659.2908T384.1","659.290836989782","384.105","52850.5928925525","173454.328977187","120402.807445651"
"M660.2944T384.4","660.294390773416","384.404","15590.1282551289","54555.8559946875","21978.6553300782"
"M661.2599T296.9","661.25991837634","296.938","100413.205719172","381810.903872502","307997.280475325"
"M662.2635T296.9","662.263504220026","296.938","31680.7631213632","125697.704114685","99502.8586176614"
"M663.2548T291.6","663.25475968747","291.623","88704.7680692499","187362.920082117","320604.351733964"
"M664.2582T291.6","664.258207091984","291.608","25644.9628106414","60220.9960351562","127108.989427706"
"M667.1318T347.7","667.13182728282","347.682","58048.6067180845","690743.191385092","819851.383314972"
"M667.2022T396.9","667.202217725978","396.852","73929.6014880622","159668.957984316","158710.86214056"
"M667.2595T302.6","667.259460625672","302.638","30202.8739574759","34785.2668279419","36795.2847773439"
"M668.1349T347.7","668.134868814108","347.685","14013.1580898662","250588.396503809","305370.076255698"
"M668.2054T396.9","668.20542561373","396.852","22263.3176007569","48636.4068479818","42624.7668606679"
"M669.254T308.8","669.253976576278","308.84","140393.608220828","230006.576524305","198623.437091227"
"M670.2573T307.9","670.257279547253","307.907","51153.3573319478","76944.6413253304","63275.7145982667"
"M672.1921T365.9","672.192129652073","365.932","43068.1981692508","85888.8539461668","55449.6077859003"
"M672.7024T593.3","672.702370653132","593.284","39492.7964455194","57661.5482670593","17390.1425139847"
"M673.2488T307.7","673.248761404246","307.6875","61997.6797133524","54471.7425934311","40773.3504438701"
"M674.7002T593.6","674.700182164008","593.5885","17714.3319808044","43344.2760190776","7182.76012415497"
"M681.202T375.8","681.201991858648","375.8135","23037.8017963867","26737.1770723633","13591.9697801971"
"M683.179T456.5","683.178985441864","456.546","69835.4048282715","40270.5146896309","33194.1154448633"
"M683.3555T387.6","683.355520443482","387.628","19421.2060927733","32684.7108632814","43643.0537280936"
"M684.8065T541.9","684.806497180501","541.901","166854.417839888","244474.62893805","401233.178918749"
"M685.8099T541.8","685.809855406409","541.783","33747.8227841258","46248.7166632078","81046.4810744077"
"M686.2524T379.4","686.252375024714","379.36","15842.3662194825","39195.9900964641","36944.0771990658"
"M687.8078T541.8","687.807825756366","541.783","151309.250854205","218766.976236162","361527.700493151"
"M689.8057T541.8","689.805701632099","541.783","223602.762125642","323124.429033906","535722.882954916"
"M691.3284T316.7","691.328444765182","316.6695","13087.2042181338","38535.9595626502","22479.7252384644"
"M691.8036T541.8","691.803631694125","541.783","145246.55429834","205261.795339309","333669.783422472"
"M692.7976T541.8","692.797630920373","541.783","152575.929601729","214278.235572301","339339.868216282"
"M693.2863T296.8","693.286288461831","296.781","15629.5124103556","116684.660894306","83425.0605184873"
"M693.8014T541.9","693.80144343522","541.901","29461.3856924874","42862.224016492","76284.3100276646"
"M694.2897T296.8","694.289671260565","296.781","3383.78972241236","32193.861521411","23040.9555291341"
"M700.8014T476.5","700.801434605232","476.511","241495.973354113","382106.686239843","324503.593206086"
"M700.8015T386.9","700.801547918799","386.887","233924.271436768","326869.993711687","225045.490012417"
"M701.5884T592.8","701.58836255409","592.829","116273.351164592","76683.7821140842","191674.913292547"
"M701.8046T476.2","701.804555011827","476.2","56370.8692218145","71344.8413662212","59553.6105674768"
"M703.5859T593.1","703.585911445902","593.113","224781.508979083","166063.210197664","376758.449408962"
"M703.8024T387.3","703.802417215497","387.349","154494.702108958","197006.372307467","128674.291324687"
"M703.8027T476.5","703.802670785708","476.511","225722.914031701","342615.531598295","283404.763209444"
"M704.5888T593.1","704.588784955908","593.132","32138.0912962978","18376.354629598","53558.3489487617"
"M705.3326T389.5","705.332550586837","389.53","31597.5141218707","57023.1256227054","37034.8608557128"
"M705.5833T593.1","705.583334262018","593.113","242135.590704296","174587.199480469","406891.562019097"
"M705.8004T390.3","705.800350920625","390.31","195687.461027957","149651.448113038","184599.889891226"
"M705.8005T476.5","705.800514274737","476.511","321388.459357768","512563.459558012","411573.091457716"
"M707.1492T375.1","707.149228721853","375.083","201683.273934486","121575.263864955","30751.160257281"
"M707.5808T593.1","707.580794238719","593.113","138214.19682994","99837.4473615412","228014.818736391"
"M707.7983T387.2","707.798272096799","387.1955","197282.866109003","185954.03990625","150485.177693756"
"M707.7984T476.5","707.798448235229","476.511","217687.277728631","312085.121303906","277140.129508599"
"M708.1525T375.5","708.152490076565","375.4985","64956.9439897578","43997.9243725587","3677.20301900441"
"M708.7923T476.5","708.792286303783","476.511","213993.789305062","327751.284569808","281121.498359638"
"M709.1426T375","709.142584886703","374.951","10453.9350482864","109942.227350798","117195.373900435"
"M709.7964T476.5","709.796422654148","476.511","46509.2852625271","77158.9403208656","56519.2403457031"
"M710.1457T374.6","710.145701865489","374.646","2841.0710257329","38205.0597309267","39134.4853798829"
"M711.2282T377.1","711.228227931939","377.093","14968.830531372","162789.568890353","88852.7577377844"
"M713.4105T296.3","713.410498343118","296.323","27385.1811441762","66607.2175908866","58923.8581987307"
"M714.4137T296.6","714.413677676195","296.626","6536.68789116372","20031.5786302084","15665.3307825195"
"M715.4051T291.7","715.405094738152","291.6525","41594.182543042","122024.394019727","206701.796548747"
"M716.4085T290.9","716.408509170768","290.863","11397.2490628786","52870.7727053409","87054.4253906252"
"M718.1521T456.4","718.152127013475","456.395","88624.5560346839","85975.515937297","105220.71655564"
"M720.1978T307.5","720.197779424475","307.468","193133.739499772","293890.119774627","127947.913560791"
"M721.1907T307.5","721.190716329727","307.468","165894.012122491","245852.466265478","111902.295539429"
"M721.2374T395.3","721.237371705698","395.3005","64590.6711440515","24107.4216745463","1014.81241978871"
"M722.1945T307.5","722.194526058759","307.468","55042.259861075","95519.2438108456","34072.2415804269"
"M722.3463T378.8","722.346339009455","378.777","14621.2567189797","25644.1709650531","13332.499153409"
"M722.7812T541.9","722.781165486276","541.901","86476.3540060095","121896.494851959","207306.083413165"
"M723.2282T393.9","723.228224860856","393.883","26222.2827641859","36772.4285703124","15501.9492160374"
"M723.297T315.4","723.296973586834","315.4475","1015.4962849237","130133.113779008","83673.6708874853"
"M723.7844T540.5","723.784446660222","540.4675","10809.614482639","30161.0146512508","47226.7625981066"
"M724.3002T315.4","724.300229911717","315.4405","447.320454585883","43892.3957720255","12302.4703483887"
"M724.7787T541.8","724.77873228392","541.783","131312.441899414","210704.546833455","335926.067645412"
"M725.2911T322.9","725.291121049713","322.882","3322.6815090196","108285.497931152","101427.053841986"
"M725.4373T436.6","725.437336788944","436.6405","23968.5582251654","44516.4208775503","31612.795006836"
"M725.7821T541.6","725.78206005953","541.586","27671.8214879981","43986.2237457686","68973.734420912"
"M726.7767T541.8","726.776678783731","541.783","113325.456553441","167902.925003056","255125.088651157"
"M727.1824T307.5","727.182368966943","307.5395","37181.0998095567","12693.3180912641","23394.9427967835"
"M727.78T541.8","727.780010635479","541.783","23912.2281613437","33907.5338203127","54681.3060510517"
"M728.7742T541.8","728.774226980273","541.783","35391.981334079","58992.5196862231","95105.7466507681"
"M729.2478T296.6","729.247834418126","296.626","5441.95528319255","123726.463627608","151652.480070715"
"M731.2416T291.8","731.241572796274","291.752","788.220466975655","106913.394168645","158412.816333822"
"M731.2375T356.3","731.237494702215","356.26","23202.6489752604","81263.5384579303","14849.9442798095"
"M732.2453T291.8","732.245337269925","291.7585","1029.7483986341","30493.1335549316","64982.7961907386"
"M736.778T477","736.777995644417","476.9795","11457.1149925739","30930.6859984907","25982.9061252985"
"M738.7759T476.5","738.775864996449","476.511","76034.2816932479","159107.361298047","140865.930508824"
"M740.7738T476.5","740.77377004388","476.511","136870.732324219","252081.891870711","222498.510032859"
"M741.1766T307.2","741.17656737391","307.2215","19537.9496489668","63661.5094192085","39725.968700817"
"M742.7716T476.5","742.771610816282","476.511","97074.167400076","208668.354324672","160175.76619451"
"M742.8123T462.5","742.812254330065","462.477","75036.6522603832","96137.8725325135","101150.346796143"
"M742.8119T387","742.811878386774","387.042","95428.4937442347","165211.062530563","93582.1911584613"
"M743.8257T477.1","743.825749772138","477.148","13993.299207335","23678.7630349553","18838.5776974285"
"M744.7692T476.2","744.769200318677","476.2","39160.9901665041","53863.7155552457","59152.0951619173"
"M744.8093T387","744.809347621822","387.042","404854.394875887","640736.858999196","474491.220663086"
"M744.8099T462.5","744.809923441192","462.477","313715.703174232","399825.884832098","390783.769971198"
"M745.8133T462.5","745.813301814519","462.477","71540.0225626537","108099.165287256","93451.0433790026"
"M745.8129T387","745.81285084807","387.042","94571.6980878766","151169.955065975","111995.832742188"
"M745.8239T477.1","745.823945817323","477.135","12213.5294760123","33989.124906311","24495.7156391602"
"M746.8077T462.5","746.807721304022","462.477","449135.74403632","616816.278871529","558034.938144945"
"M747.2695T456.1","747.269542002892","456.096","213767.103027166","38065.9995030721","52178.5532390227"
"M747.8111T387","747.811125905308","387.042","141747.063762784","245597.322018785","163894.520950033"
"M747.8113T462.9","747.81129321334","462.884","106107.941709635","153249.895793716","142673.078463971"
"M748.2731T456.4","748.273088867592","456.3925","88056.9513799166","8889.70035626807","20486.7778868713"
"M748.8051T387","748.805111665898","387.042","373006.027027802","569170.808750101","469007.722666563"
"M748.8054T462.8","748.8053859","462.787","276444.159669433","397690.827067779","365303.400277705"
"M749.2644T320.5","749.264442420935","320.492","30894.2294130082","50738.3525215799","57768.5333140985"
"M749.2663T456.2","749.266341701367","456.244","131927.375411797","22132.6181777418","12401.9742096502"
"M749.8001T541.8","749.800063963173","541.783","43923.7039577075","47519.1323267687","84168.9197323543"
"M749.8085T387.3","749.808455294707","387.335","88048.6727379064","143902.005182896","91456.4040624278"
"M749.8088T462.5","749.808833116856","462.477","75002.3967670286","91389.7249156399","90707.1331955836"
"M750.2679T320.3","750.26786225398","320.3095","8115.03109543771","17698.0928424072","15147.7301756037"
"M750.8035T462.8","750.803485578372","462.787","64500.6290766936","80217.6993535154","75450.2322796937"
"M750.8028T387","750.80280296408","387.0405","84528.6087309251","131519.124556315","86838.0933758709"
"M751.7978T541.8","751.797759290816","541.783","65523.9574303388","68761.1785109598","125677.259078018"
"M753.7959T541.8","753.79587812628","541.783","48252.3990078315","45461.7336532389","74892.1224042385"
"M758.8697T462.3","758.869727087461","462.2525","848395.651961606","35628.1548636111","28787.1468902853"
"M759.2496T306","759.249637665051","306.034","30398.6717553078","58133.7036402207","72530.6786302082"
"M760.8668T462.6","760.8668407126","462.5625","527066.866830998","16573.8973998184","15618.9023849749"
"M761.2504T300.5","761.250393419968","300.5025","10142.0267602219","86963.7742560137","30698.5116689455"
"M765.7951T476.2","765.79506954886","476.2","76553.8348053177","72881.264796405","62623.0199733255"
"M767.2388T321.7","767.238773815806","321.671","56968.5998328279","72416.2616155194","51426.360462116"
"M767.7929T476.2","767.792882458213","476.2","112812.899866386","117912.305455307","83852.2796747362"
"M768.7953T476.3","768.795294397119","476.317","16741.0147594082","15507.4291604166","14492.9403781274"
"M769.2548T80.9","769.254791146068","80.9315500000002","313439.45288561","70733.7279758028","104254.399408466"
"M769.3906T434.9","769.390597440407","434.8765","105721.238575655","127532.713397034","51442.6207158202"
"M769.7909T476.2","769.790909231385","476.2","72004.0017682338","77289.3934912109","64502.4773420324"
"M770.7874T476.5","770.787436067842","476.491","16211.00648368","13543.2734232352","21611.5663604003"
"M771.2336T334.9","771.233615924822","334.942","85697.4905725623","37655.0697908357","37044.8334056039"
"M771.2551T79","771.25506935231","78.9721000000002","108081.187015344","123115.910305992","157999.212901196"
"M771.7896T476.6","771.789577469802","476.6315","16752.5394680786","18147.1248814633","9901.52839527804"
"M772.2589T79","772.258904755285","78.9721000000002","32512.9859760031","49452.6534524053","57838.9761464844"
"M772.7848T476.5","772.784765283279","476.511","38523.8510825783","48019.1117545166","38402.5924846302"
"M773.1958T351.3","773.195838204272","351.291","158049.766858155","68765.433889391","19175.2887895064"
"M773.2286T332.2","773.228607559732","332.225","49958.6256882087","91083.512966618","92296.0586911769"
"M774.1993T351.4","774.199252697071","351.439","58650.2522534999","22602.5677319334","2882.47954407551"
"M774.2319T332.8","774.231872049469","332.825","22092.3271348062","27757.9331807184","21956.7502123811"
"M774.7825T475.9","774.782532346211","475.896","19917.1842088929","23294.442922947","20789.2082648183"
"M775.1253T296","775.125342093625","296.0145","361.263049688935","47103.7459563656","121949.466528646"
"M775.1896T351.2","775.189638553176","351.208","84968.1320731044","94068.562833862","201999.979522483"
"M776.1923T351.2","776.192257928023","351.2095","29171.0846602254","42871.8925767648","87552.6718319253"
"M777.1198T291.9","777.119800588761","291.9015","584.736293843126","241247.378538396","209180.115020043"
"M778.1232T291.6","778.123197085513","291.602","0","70431.7262553204","62134.3407041602"
"M785.367T432.1","785.36698077176","432.0865","218218.524728508","226306.999527135","189198.31698591"
"M785.535T638.8","785.534995044705","638.782999999998","138607.664279674","94732.0988243076","90318.7500754785"
"M786.5387T638.8","786.538669037451","638.787","15906.0065927825","40939.4544401014","37685.2358288043"
"M786.5959T703.5","786.595880213547","703.453999999998","200975.923962593","64126.7102687502","40971.9058931791"
"M786.8017T462.5","786.801706627522","462.477","202956.433638427","268007.7479057","240873.269433838"
"M787.3664T441.9","787.366371445108","441.897","117704.850804817","331394.04306455","285084.403051493"
"M787.8049T462.5","787.804925159229","462.477","48946.3643511996","61592.1535020054","54511.8242351422"
"M788.3696T441.9","788.369626025302","441.897","51563.9988593389","140760.251969282","114295.39789325"
"M788.5938T703.5","788.593772613946","703.453999999998","3993.08528141181","457537.106628909","365764.176281249"
"M789.2296T76.9","789.22955312946","76.9495000000002","39658.7255033286","48168.5892522747","10919.5365357971"
"M789.3627T441.8","789.362714918217","441.81","34226.1788632669","67214.1859151518","72914.6622287513"
"M789.803T462.2","789.803031487859","462.169","211033.094270926","272339.705989197","242168.205794635"
"M790.2325T76.1","790.232520699948","76.1044000000002","14017.4096821873","17219.1088767151","3499.15940336026"
"M790.3672T441.7","790.367226587275","441.6565","12931.1393571918","25175.6900683927","30561.9471041311"
"M791.8009T462.5","791.80093469439","462.477","319096.558912956","405089.597710952","355925.004396094"
"M793.7988T462.2","793.798767492351","462.169","202720.498206591","254611.972238907","218328.825137509"
"M794.793T462.2","794.793029125735","462.169","166372.245152284","232866.990411487","212575.643514318"
"M795.7971T462.5","795.797110214674","462.477","36779.5211240447","61160.3107519774","49894.2640386869"
"M796.5858T702.7","796.585755779181","702.732","45365.4439427257","267341.616927085","235181.001213107"
"M797.9455T593.4","797.9455148787","593.424","19756.8778991347","54783.9525779444","102531.062985816"
"M799.9435T593.5","799.943490226221","593.455","42130.2672644392","81822.1790274007","130742.222139648"
"M800.9385T423","800.938458837637","423.045","22098.9034227653","44120.3141657712","35376.1152274632"
"M801.5779T708.9","801.57794572983","708.858499999998","121001.694887737","126580.016635254","118328.597487688"
"M801.9414T593.4","801.941426149939","593.424","17688.4603558816","46725.609388375","83752.8078203825"
"M802.9365T423","802.936482662319","422.959","75072.6123916739","165321.102203091","116510.993482296"
"M802.9366T387.9","802.936559670643","387.92","40380.8197613932","89353.205856978","60275.3132578125"
"M804.9342T387.9","804.93419920267","387.935","42629.2014755141","73775.2091069822","46707.0080198668"
"M804.9342T423","804.934221774963","422.959","74912.2646541984","153654.120128098","109963.260100195"
"M805.2451T318.6","805.245149565768","318.6315","59200.9736446448","142211.08303125","56416.6404918116"
"M806.9329T422.7","806.932868633279","422.7025","22704.9800189966","34517.7613026053","30801.8646108399"
"M807.1949T298.8","807.194942014727","298.7835","823.159890523841","25463.622582809","33748.3255009917"
"M807.2497T318.8","807.249703796716","318.7905","17773.1655440293","36166.9092377292","51215.2052404497"
"M810.7816T462.7","810.781576341022","462.6805","17611.5383431099","23155.7917812011","16667.773819641"
"M812.7794T463.1","812.779361829853","463.099","25630.2548068846","44592.2653918269","31851.3958575781"
"M823.3275T432.5","823.327526918191","432.519","101209.216258475","208460.84863991","200831.214916993"
"M839.3042T432.4","839.30422663959","432.3755","3968.16383458101","254448.047172057","282226.220276368"
"M842.2576T290.5","842.257582082978","290.496","19286.3865240653","61836.4351572768","22848.8404665936"
"M843.1125T295.7","843.11254177463","295.7095","994.874149176758","29077.4238195228","84881.7916677422"
"M846.1106T291.6","846.110576967117","291.602","0","54296.5930255802","35984.6974975586"
"M849.3003T247.3","849.300269684252","247.337","43841.7763150396","51188.5122814855","22432.375745407"
"M862.8533T393.4","862.853334156565","393.378","31608.288476053","62090.4319511719","30717.8598705706"
"M862.9568T383.5","862.956812296306","383.514","11487.6587146506","31494.121661133","38043.698878174"
"M864.8518T393.3","864.851806073515","393.291","169636.980150605","244348.997573853","166463.507634554"
"M865.2798T560.3","865.279758352177","560.3375","2393.85713240504","18339.3646254883","22390.1160868565"
"M865.293T82.1","865.29297236233","82.09845","80862.2390662098","36882.2610749906","92999.5519987428"
"M865.8543T393.3","865.854252310316","393.291","50710.2041757464","78170.5242561036","35752.6092416779"
"M866.2965T82.8","866.296464873711","82.8112999999998","22754.6438992849","3777.19586618245","33468.4960398926"
"M866.8497T466.6","866.849721368521","466.573","26204.9463470333","55449.1539881348","74343.3630750266"
"M866.8497T393","866.849716231011","392.995","233528.002926637","367581.021815697","256679.620004626"
"M867.2524T299.7","867.252365103933","299.712","6061.61760304342","19410.1190017701","23065.9977084046"
"M867.2771T560.5","867.277061707576","560.5005","2696.8280473096","19707.0893325194","25737.0399934571"
"M867.2986T82","867.298558985442","81.9931999999998","251868.305985504","153871.220825776","92407.6615613183"
"M867.8531T393.3","867.853122570156","393.291","59879.0887358035","84698.4232752163","53834.9619132871"
"M868.8479T393.3","868.847867320864","393.269","147187.350845963","225851.088254884","139610.280619972"
"M868.8478T467.2","868.847816673694","467.1635","14022.6232868154","37124.2215681413","41058.1103663775"
"M872.497T399.9","872.497035998697","399.891","312220.910997228","176774.235746937","305564.838374828"
"M872.942T379.4","872.941951005231","379.378","95590.789127063","157973.094665122","114210.111956038"
"M873.5003T400.2","873.500293863067","400.166","178276.071696045","80457.7962084963","155455.271628217"
"M875.3666T475","875.366598929966","474.973","130162.016476674","292593.53425004","158918.639351095"
"M876.3699T475","876.369909491324","474.973","56833.9687290222","124991.95742327","71835.5141631644"
"M876.9378T379.5","876.937815434342","379.501","24054.3858946895","46538.2407449343","30614.7383003541"
"M877.3695T477.4","877.369502602206","477.439","83252.7337109377","149653.091781311","144957.372875141"
"M878.8485T411.7","878.848524436437","411.725","46119.517699414","77171.1737666792","24135.8572103934"
"M879.276T80","879.276031927903","79.9983","26480.3138732433","13121.1793385753","24982.3158753662"
"M880.8465T411.5","880.84652296655","411.494","171661.569462773","365464.260574569","153381.943700975"
"M881.8502T411.7","881.850247066351","411.725","44528.6872764701","89924.5265892281","33549.3781196592"
"M882.8445T411.8","882.844486936981","411.789","237852.833923333","600852.712734464","188927.715973958"
"M883.8478T411.8","883.847824495225","411.795","67262.0968668481","132472.692548218","45946.7682760963"
"M884.8333T437.1","884.833294649848","437.0825","9177.00795222188","31722.475340788","26932.4696023993"
"M884.8424T411.8","884.842415219021","411.795","158698.820883912","300241.063265061","115783.079407949"
"M885.8461T412","885.846053332326","412.026","43490.8777383729","79390.8012673768","24661.1233024556"
"M886.8313T437.3","886.831313188438","437.341","13555.5333226564","72658.0364736793","37515.2429308733"
"M886.84T412.4","886.84002134967","412.385","28157.7639682313","47171.1389674945","19429.8913338715"
"M888.829T437.1","888.828984059369","437.0835","10351.9639680414","60862.9682177225","29522.9800239259"
"M888.9362T381.6","888.936212262432","381.5985","49668.2778078702","107819.053988788","52966.5007098389"
"M890.7226T462.8","890.722619351852","462.8355","5525.93462212104","30520.7342603455","24601.8807123067"
"M890.8672T427.7","890.8671632814","427.671","25420.9490316613","29110.6310196061","22851.6696414291"
"M890.9349T381.5","890.93489117608","381.453","46111.8710806828","91867.8345215077","51265.4751160828"
"M894.8621T436.6","894.862059023316","436.556","188302.715689148","307735.945033894","198220.94179874"
"M895.8656T436.8","895.865550985351","436.824","52516.4537397257","95307.202362196","59377.0731727851"
"M896.8599T436.6","896.859944853033","436.556","282521.544253075","470093.754544765","305413.908965755"
"M897.8639T436.6","897.86391039811","436.556","92035.7731406244","138119.310235967","93151.1165282121"
"M898.831T393.3","898.830975914565","393.291","137652.88860098","391609.914087818","271638.141116056"
"M898.8581T436.6","898.858078293946","436.556","174596.604732496","296697.381176842","183638.057113351"
"M899.8341T393.6","899.834108468016","393.564","36378.6779921542","107608.926680007","76775.9984341602"
"M899.8347T411.9","899.834736489269","411.907","15795.0007631836","37005.8257805032","1021.99412770082"
"M899.8619T436.6","899.861860004341","436.556","48564.3043231336","87186.8194922303","54828.959252467"
"M900.8566T436.7","900.856595200449","436.743","38983.0174597167","68936.6038413322","27313.8300658316"
"M901.8322T393.3","901.832192494602","393.291","168455.690883572","494080.284877289","337599.493256757"
"M902.952T377.6","902.951999554834","377.5525","4568.11548981865","26585.7351868991","34513.2024821289"
"M904.9505T377.6","904.950476692177","377.5525","5639.22229170402","28499.4517908785","38744.3757107745"
"M905.828T393.3","905.827982732093","393.291","228064.539219327","627653.562956459","455129.741922112"
"M906.8221T393.3","906.822071462156","393.291","286429.764886475","839049.615584057","576479.564366638"
"M907.8254T393.3","907.825397987941","393.291","81469.7039168225","239517.039151704","180987.308277977"
"M908.8193T394.8","908.819254764299","394.7685","15365.2626415292","37484.4912155762","40323.5418210782"
"M909.3322T468.1","909.33222806338","468.076","70181.336603919","81343.649146651","117860.715773748"
"M910.5762T695.6","910.576204578618","695.6235","38236.9751689434","695082.828263157","1052234.56335616"
"M915.9871T594.5","915.987139204963","594.472","4313.14499779344","18442.7325494385","30837.6693417197"
"M917.9851T594.5","917.98506479155","594.473","12566.7235504921","32503.3628997314","65847.9182717291"
"M918.8434T405.5","918.843350676403","405.523","106022.705414062","174035.130353393","54277.3123838119"
"M918.8571T393.3","918.857085545637","393.269","100784.625220703","199831.249227645","134076.072850446"
"M920.8414T404.6","920.841367489652","404.6275","537187.14435791","664601.555224668","380353.140208698"
"M921.8449T405.5","921.844928583813","405.508","173039.326311289","229094.80582693","90047.3913073817"
"M923.8428T405.2","923.842845687185","405.213","226806.731868722","366299.79397566","118718.48810104"
"M924.8374T405.2","924.837403380182","405.213","488184.831270525","813237.584779493","268410.81686837"
"M925.8409T405.2","925.840928075132","405.213","144810.561211349","197195.324558973","83534.6627656945"
"M925.8496T393.3","925.849602510088","393.269","122572.104149437","147412.479148856","86028.3570298104"
"M926.8356T404.8","926.835604140512","404.789","99451.5159318537","148659.828722268","57957.4513297286"
"M926.8523T393.5","926.852334243781","393.5275","28006.8389194489","46679.8442066866","16834.4787415772"
"M927.847T393.3","927.847035715198","393.291","511523.046221926","658380.897963025","419111.280102791"
"M928.8506T393.3","928.850634184041","393.291","150717.241583183","195898.170923539","113066.286644102"
"M930.8487T393.3","930.848662133398","393.291","213609.016780165","279358.33235903","181075.688844726"
"M932.8469T393.6","932.84694102465","393.564","143085.697964813","191176.96080209","104654.399314681"
"M932.8591T427.7","932.859063908718","427.671","105411.459850665","145323.565782249","106663.115295455"
"M933.3075T78.7","933.307497453281","78.6742000000002","16340.6306035004","33187.6610530539","56745.6704243165"
"M933.842T393.3","933.841968142408","393.291","124761.60835668","148473.247130986","105448.186258057"
"M933.8626T427.9","933.862556499122","427.923","32009.2563315796","46654.6086132812","29582.1001561351"
"M934.8445T393","934.844468780033","392.97","28848.2782155518","30679.7968538603","26333.5213645698"
"M934.8571T427.9","934.857063443023","427.923","452636.632616268","590036.652967443","438050.372255583"
"M935.3022T80.1","935.302189185296","80.0671999999998","158871.562368164","18656.7546665364","10558.7916591376"
"M935.8604T427.9","935.860414546699","427.923","144679.438474901","185007.541698159","134354.901028533"
"M937.8583T427.9","937.85828218753","427.923","212867.79955699","279911.886457083","194898.196508339"
"M938.8529T427.9","938.852892278651","427.923","442647.507957723","580464.308089582","431002.538296449"
"M939.8562T427.9","939.856171175136","427.923","124357.916369063","171514.361400213","126261.464097981"
"M940.8514T427.9","940.851415375459","427.923","108841.218023144","130395.375670561","92267.4089784744"
"M941.2584T70.9","941.258441270673","70.92255","16160.9536191744","14729.76798068","9443.17449640924"
"M941.8546T427.6","941.854626553619","427.617","29670.9693497196","34238.6010915911","30551.9576826172"
"M948.0415T593.6","948.041454815483","593.587","24734.2468912355","21164.1299514013","3224.11319519044"
"M950.04T593.6","950.040044563092","593.587","54728.1433776779","37746.8448352049","875.209389604848"
"M956.8815T394.1","956.881450959266","394.114","30197.1983373871","46068.3347002467","17314.1740406135"
"M958.8515T387","958.851524632961","387.042","248997.539858663","344545.466069899","266427.505663227"
"M958.8792T393.1","958.879198932248","393.132","21103.4961330971","21770.9999351502","16586.2004692383"
"M959.8547T387.1","959.854657607728","387.056","43024.5837368467","40173.0666390627","32971.3322885998"
"M976.8462T393.3","976.846248047349","393.291","32755.2225342882","45540.1903108865","30946.1345407365"
"M978.8449T393.3","978.84488719912","393.291","140072.548336694","203710.699458984","171247.047790576"
"M979.8482T393.6","979.848224401634","393.564","47477.4219823264","47966.5968914932","55794.4356171623"
"M980.8426T393.3","980.842588009306","393.291","213678.122310492","323522.07331604","246256.413263109"
"M981.3741T406.6","981.374087186256","406.5525","30256.9835399549","97273.7431594017","32006.9688925782"
"M981.8461T393.3","981.84605595285","393.291","60931.4216300951","100960.461599432","69684.3939568364"
"M982.788T393.1","982.788034372192","393.132","127745.787608949","53113.432609654","53925.3690633139"
"M982.8408T393.3","982.840831687778","393.291","138564.745306749","216922.807836801","173343.251888504"
"M983.8439T393.6","983.843900430831","393.564","36569.4275467985","49860.9965290846","43005.3538702104"
"M984.7851T393.3","984.785108962266","393.28","29458.1460749242","84088.6029923651","80149.3066111822"
"M984.8402T393.6","984.840216529217","393.588","23922.2613135986","32390.7634093889","32891.191418738"
"M985.4996T467.5","985.499578286239","467.469","67545.2073750943","92521.837983753","89611.4433650717"
"M986.5029T467.2","986.502866574231","467.152","30349.3373889692","49988.2487517297","52851.5193907468"
"M986.7843T393.1","986.784306011282","393.132","800.750256306108","53269.1595162966","61140.4881789438"
"M994.3731T324.7","994.373064631152","324.696","356.271563507617","27695.4538244631","28472.606756836"
"M996.8034T394.2","996.803362248841","394.1755","30580.7041805424","29329.9841333008","51929.7889151043"
"M998.8009T393.3","998.800850448108","393.28","7241.5506984605","102060.271015625","95189.0237675167"
"M1000.7989T393","1000.79889412031","392.9835","655.365810378948","42612.6237297365","59062.3039944201"
"M1008.8936T392.1","1008.89359054167","392.101","42485.2237460529","85874.0617157737","225953.305603685"
"M1010.8916T392.4","1010.89159025854","392.384","65638.1506157227","133394.898819274","321964.102146293"
"M1011.8953T392.4","1011.89534242657","392.384","19660.9054739919","38840.1964791502","117867.63577413"
"M1012.8896T392.8","1012.88963375689","392.7995","39720.2480272739","94637.008447965","229434.111901939"
"M1013.4939T393.8","1013.4939234421","393.84","55542.7284699795","116531.890548387","29659.6319406653"
"M1013.8467T386.9","1013.84671240739","386.894","26461.0298963301","50200.9299177248","23839.7759352214"
"M1013.8927T392.5","1013.89267747728","392.5375","9597.13083139062","18484.3955390626","69187.9095690919"
"M1015.4154T266.7","1015.41541479127","266.7075","784.828451812001","38052.6203634316","33333.7133698425"
"M1015.8453T387.3","1015.84527015483","387.335","45574.7456052243","68432.6688494466","45998.6414291992"
"M1016.8432T387.6","1016.84324014081","387.628","42320.7510036622","43796.9988847656","44989.5217872486"
"M1017.844T387.3","1017.84399906401","387.335","43943.0186224002","72888.3354682994","38060.9407299805"
"M1018.8393T387.1","1018.83928486665","387.056","192146.20894546","258411.339932862","231708.029185418"
"M1019.8428T387","1019.84280462599","387.042","76201.3727475739","78014.5740875245","79911.4378188851"
"M1020.8373T387","1020.83727382032","387.042","279477.396679276","394837.988270005","333044.716899414"
"M1021.8412T387.3","1021.84122367328","387.349","92525.3287099346","119712.204249496","76235.5424649003"
"M1022.8355T387.3","1022.83554454586","387.335","188895.158108984","226903.569291193","203003.81639891"
"M1023.8391T387.3","1023.83907489723","387.335","60787.5832513745","74056.2775722655","50891.4691915603"
"M1026.9597T393.6","1026.9597409369","393.576","0","27187.4561320313","17009.5611557008"
"M1029.6571T519.3","1029.65705414862","519.33","596.432084270318","97635.345759639","32517.3683671881"
"M1034.8542T380.6","1034.85422469688","380.566","329939.887698254","531128.350267435","393459.194040881"
"M1035.8577T380.6","1035.85773520312","380.566","111941.676575101","170302.416823925","140805.074148673"
"M1037.8556T380.6","1037.85562703099","380.558","466311.81375245","746022.561142177","620766.045298365"
"M1040.8144T393.5","1040.81439226983","393.527","76461.4116370739","68800.3506724328","235133.623872117"
"M1041.8518T380.6","1041.85177404667","380.566","435242.820134135","772910.774546796","578524.888390962"
"M1042.8124T393.7","1042.81241802139","393.668","121532.593888092","111800.711205688","74362.9040515948"
"M1042.8472T380.9","1042.84724234554","380.852","307578.453798009","548645.71942578","448743.210437895"
"M1043.8158T394.1","1043.81581821961","394.114","35826.3223526676","21690.7265850912","0"
"M1043.85T380.9","1043.84995360869","380.852","116546.083820075","198454.423449387","133133.221707485"
"M1044.8107T393.8","1044.81070149189","393.8175","70026.548574351","74026.1630105298","8188.78001220707"
"M1044.8528T379.5","1044.85278509924","379.4935","17168.4757234864","27410.6743371912","20286.7383437849"
"M1050.7765T387.3","1050.77650313646","387.335","24694.8825720111","79510.878781694","69776.7214978126"
"M1052.7748T387.3","1052.77484397395","387.335","41707.3497454832","120077.803763021","98449.2091887018"
"M1054.7733T387.6","1054.77332404806","387.628","27590.5538330078","67435.6615413552","73178.5276019529"
"M1058.3575T265.2","1058.35750848664","265.209","0","79671.7145631799","38678.9630269263"
"M1058.8343T380.1","1058.83430677205","380.1035","17712.5177015533","47590.8546973412","53049.2344431765"
"M1060.8323T380.6","1060.83230387401","380.566","45636.5331204033","68412.3892150426","71188.7530177847"
"M1062.8301T380.6","1062.83011579368","380.562","23852.9608695979","28571.4369079589","51893.0344450308"
"M1068.9402T393.1","1068.9402105681","393.132","1929.82063379531","58774.6182747394","43431.9610855714"
"M1070.9386T393.1","1070.93858747615","393.1305","1752.6868916221","108630.395909126","54523.5269200372"
"M1072.9094T387.6","1072.90943422965","387.643","47022.156722119","38405.8048225998","62436.1886856285"
"M1072.9371T393.4","1072.93714429117","393.4285","7636.89586998783","61358.855493497","39524.6355700815"
"M1074.9074T387.3","1074.9073847512","387.349","80169.0168587738","117845.677482422","78901.9111142578"
"M1076.906T387.3","1076.90604955109","387.349","45781.1850180134","64959.0983542608","45496.0038240752"
"M1080.8092T387","1080.80922119232","387.0405","130376.405633972","88393.7780342451","5327.91116780599"
"M1082.8075T387","1082.80747834528","387.0405","181638.605521168","148582.106086089","17763.2544431966"
"M1083.8101T387","1083.8101184473","387.0405","51571.5466196624","27575.547996989","1935.58432833059"
"M1084.8052T386.8","1084.80524184094","386.7505","130125.695666234","107242.876744141","11267.2082299805"
"M1092.4328T271.3","1092.43277346379","271.332","0","21002.6257502441","46371.0858480904"
"M1095.3903T261.2","1095.39033395988","261.2185","0","14183.324298877","16686.3543050632"
"M1112.9039T381.5","1112.90393468775","381.453","30356.7895041797","76188.902356875","72234.9341117581"
"M1114.9019T381.7","1114.90192459239","381.749","48747.906140625","131732.170104772","116432.642300001"
"M1117.4114T279.6","1117.41137560055","279.5985","660.398754800725","13775.2750641424","29266.9248941974"
"M1161.6339T456.4","1161.63393260225","456.4","73315.4034193222","134212.349679687","225014.082970565"
"M1162.6374T456.4","1162.63742812043","456.4","49080.3693328707","87583.1714242596","156097.711756541"
"M1163.6413T456.7","1163.64130852267","456.689","17848.1025549316","33769.0384775675","61305.0210513846"
"M1165.01T393.3","1165.00998147736","393.28","0","56610.4527148437","45181.1173233035"
"M1167.008T393.4","1167.00795043493","393.4275","0","41386.7878639322","32717.867348633"
"M1173.5824T402.4","1173.58242173107","402.4065","1765.59019200504","55869.6890258789","41462.678922763"
"M1173.7478T669.5","1173.74778453463","669.482500000002","118993.6329614","78966.7225287779","84078.6147791242"
"M1178.6243T456.7","1178.6243125129","456.692","36085.4180396863","26833.2742362233","40961.5186859778"
"M1187.5826T393.4","1187.5825947708","393.4285","3965.73434450726","75654.5588616073","31766.921296108"
"M1188.565T402.4","1188.56499765596","402.4065","5731.44280529874","91352.2454670087","50514.1032929176"
"M1189.5648T399.4","1189.56483070497","399.4135","3487.38129406869","62930.3343090552","28156.002344877"
"M1190.5653T396.1","1190.56532949276","396.1135","8578.60405494137","35597.8047836101","61011.1392865487"
"M1196.2451T694","1196.24506692096","694.0335","0","513320.90714047","101796.291876677"
