"","mz","rt","BCP01","BCP02","BCP03","BCP04","BCP05","BCP06","BCP07","BCP08","BCP09","BCP10","BCP11","BCP12","BCP13","BCP14","BCP15","BCP16","BCP17","BCP18","BCP19","BCP20","BCP21","BCP22","BCP23","BCP24","BCP25","BCP26","BCP27","BCP28","BCP29","CP01","CP02","CP03","CP04","CP05","CP06","CP07","CP08","CP09","CP10","CP11","CP12","CP13","CP14","CP15","CP16","CP17","CP18","CP19","CP20","CP21","CP22","CP23","CP24","CP25","CP26","CP27","CP28","CP29"
"group","mz","rt","cancer","cancer","cancer","cancer","cancer","cancer","cancer","cancer","cancer","cancer","cancer","cancer","cancer","cancer","cancer","cancer","cancer","cancer","cancer","cancer","cancer","cancer","cancer","cancer","cancer","cancer","cancer","cancer","cancer","control","control","control","control","control","control","control","control","control","control","control","control","control","control","control","control","control","control","control","control","control","control","control","control","control","control","control","control","control"
"M311.3T1114.6","311.3","1114.6035","0.00241","0.00213","0.00364","0.00212","0.00175","0.00355","0.00634","0.00244","0.00258","0.0014","0.0043","0.00187","0.00259","0.00203","0.00189","0.00353","0.00257","0.00145","0.00303","0.00204","0.00324","0.00206","0.00156","0.00464","0.0034","0.0025","0.00125","0.00246","0.00113","0.00365","0.0011","0.00139","0.00153","0.00201","0.00094","0.00094","0.00251","0.00151","0.00268","0.00257","0.00164","0.00049","0.00164","0.00084","0.00064","0.00228","0.0014","9e-04","0.00092","0.00139","0.00147","0.00186","0.00165","0.0016","0.00213","0.00222","0.0022","0.00225"
"M156.1T671.7","156.1","671.664","0.00062","0.00069","0.00105","0.00101","0.001","5e-04","0.00049","0.00154","0.00301","0.00051","0.00117","0.00072","0.00201","0.00502","0.00226","0.00118","0.00066","0.00167","0.00467","0.00124","9e-04","0.00098","9e-04","0.00175","0.00062","0.00054","0.00104","0.00053","0.00056","0.00179","0.00067","0.00081","0.00105","0.00042","0.00163","0.00064","0.00069","0.00049","0.00027","0.00018","0.00014","0.00024","0.00012","0.00068","0.00033","0.00072","0.00094","0.00141","0.00106","0.00146","0.00164","0.00165","0.0015","0.00164","0.00179","0.00174","0.00194","0.00158"
"M339.3T1220.8","339.3","1220.75388","0.02437","0.02469","0.03456","0.01933","0.01605","0.029","0.05279","0.01652","0.02446","0.01899","0.03165","0.02402","0.01831","0.02348","0.02169","0.03474","0.02601","0.02435","0.03451","0.02374","0.03658","0.02803","0.0185","0.03586","0.03456","0.02312","0.01076","0.03135","0.01739","0.03179","0.01328","0.01721","0.01861","0.02952","0.0131","0.01388","0.0257","0.01721","0.02684","0.02711","0.01766","0.00829","0.01551","0.00964","0.00914","0.02515","0.01568","0.00972","0.01793","0.01905","0.02078","0.02131","0.02161","0.0219","0.02417","0.02474","0.02435","0.02881"
"M131.1T467.3","131.1","467.254944","0.00876","0.01033","0.01575","0.01626","0.01278","0.00654","0.01583","0.01015","0.01302","0.0122","0.01738","0.01986","0.01682","0.00998","0.01038","0.01736","0.01676","0.01252","0.01322","0.01113","0.01155","0.01316","0.01263","0.01623","0.0092","0.00685","0.0067","0.00579","0.01492","0.00637","0.01115","0.00835","0.01446","0.00959","0.01336","0.0094","0.0118","0.00728","0.00689","0.00645","0.01804","0.0116","0.01203","0.00635","0.01231","0.01506","0.01058","0.0072","0.01356","0.01173","0.01131","0.0119","0.01159","0.01151","0.01175","0.01309","0.01252","0.01224"
"M75.1T1218.2","75.1","1218.24","0.00662","0.00822","0.00894","0.00682","0.0063","0.00681","0.014","0.00566","0.00868","0.00589","0.00936","0.0091","0.00598","0.00914","0.00711","0.00921","0.00774","0.00673","0.0142","0.00765","0.01014","0.00572","0.00638","0.00794","0.01097","0.00632","0.00416","0.01143","0.00583","0.01165","0.00505","0.00433","0.00518","0.00976","0.00447","0.00539","0.00748","0.00514","0.00859","0.00759","0.00629","0.00183","0.00424","0.0037","0.00373","0.00541","0.0057","0.00304","0.00681","0.00405","0.0063","0.00674","0.00659","0.00716","0.00739","0.00718","0.00756","0.01045"
"M313.3T1125.4","313.3","1125.44508","0.0577","0.05087","0.06609","0.05267","0.04346","0.05884","0.07694","0.06804","0.0661","0.05939","0.0875","0.07462","0.0577","0.06813","0.06014","0.06377","0.04976","0.04901","0.05622","0.05311","0.07812","0.05884","0.05855","0.06196","0.06938","0.05097","0.05037","0.07133","0.06354","0.05819","0.04057","0.04372","0.04785","0.07173","0.04332","0.04637","0.05685","0.04297","0.07053","0.06206","0.06778","0.03729","0.05267","0.0499","0.03439","0.04349","0.04024","0.02827","0.04637","0.03765","0.04247","0.04717","0.0477","0.04912","0.04785","0.04699","0.04793","0.08564"
"M230.2T798.4","230.2","798.37998","0.00239","0.00614","0.00227","0.00262","0.01045","0.00406","0.00163","0.00329","0.00262","0.00073","0.00243","0.00208","0.00705","0.00315","0.00664","0.00415","0.00355","0.00405","0.00286","0.00192","0.00235","0.00297","0.00628","0.00371","0.00137","0.00125","0.00208","0.00201","0.00151","0.00514","0.00178","0.00375","0.00228","0.00112","0.00181","0.00175","0.00937","0.00151","0.00102","0.00111","6e-04","0.00038","0.00063","0.00273","0.00551","0.00119","0.00125","0.00266","0.00616","0.0032","0.00351","0.00362","0.00338","0.00343","0.00422","0.0042","0.00414","0.00354"
"M89.1T451.1","89.1","451.08","0.02707","0.02714","0.03055","0.02521","0.0284","0.0248","0.02825","0.02832","0.02529","0.02683","0.02873","0.02945","0.02611","0.02708","0.02417","0.02238","0.026","0.02673","0.02684","0.02881","0.02871","0.02839","0.02765","0.02158","0.02991","0.02951","0.02818","0.03238","0.0275","0.02967","0.02787","0.03071","0.02603","0.0295","0.02837","0.0308","0.02863","0.02934","0.02962","0.0271","0.03124","0.02552","0.02587","0.02965","0.02458","0.02667","0.02793","0.02993","0.02806","0.02664","0.0254","0.02491","0.02596","0.02384","0.02765","0.02837","0.02625","0.02654"
"M188.1T506.6","188.1","506.64","0.00487","0.00469","0.00502","0.00487","0.00464","0.00418","0.00459","0.00478","0.00446","0.00467","0.00542","0.00526","0.00462","0.00476","0.00466","0.00407","0.00469","0.00485","0.00472","0.00493","0.00503","0.00508","0.00462","0.00405","0.00488","0.00487","0.00502","0.00519","0.00504","0.00477","0.00464","0.00525","0.00479","0.00519","0.00498","0.00506","0.00509","0.005","0.005","0.00491","0.00494","0.00504","0.005","0.00491","0.00442","0.00481","0.00475","0.00517","0.00468","0.00458","0.00452","0.00471","0.00454","0.00477","0.00497","0.0049","0.00511","0.00466"
"M133.1T546.3","133.1","546.3","0.00115","0.00158","0.00129","0.00099","0.00164","0.00139","0.00066","0.00115","0.00129","0.00112","0.00111","0.00123","0.0024","0.00078","0.00202","0.00072","0.00127","0.00166","0.00063","0.00095","0.00132","0.00162","0.00161","0.00103","0.00121","8e-04","0.00052","0.00091","0.00091","0.00132","0.00129","0.00125","0.00138","0.00083","0.00137","0.00155","0.00146","0.00054","0.00069","0.00022","0.00117","0.00037","0.00011","0.00034","0.00041","0.00136","0.00077","0.00063","0.00205","0.00137","0.00142","0.0014","0.00123","0.00133","0.00166","0.00157","0.00153","0.00151"
"M218.1T755.9","218.1","755.916","0.00159","0.00113","0.00029","0.00336","0.00769","0.00112","0.00806","0.00167","0.00155","0.00115","0.00192","0.00269","0.00425","0.0063","0.00378","0.00337","0.00222","0.00192","0.0021","0.00197","0.00185","0.00164","0.00387","0.00256","0.00946","0.0123","0.00205","0.00284","0.00644","0.00279","0.00846","0.00468","0.0026","0.00387","0.00131","0.00996","0.00873","0.00677","0.00348","0.00357","0.00282","0.00192","0.00244","0.00317","0.00098","0.00223","0.00616","0.00433","0.00189","0.00099","0.00105","0.00115","0.00105","0.00105","0.00133","0.00134","0.00136","0.00118"
"M174.1T395.2","174.1","395.22","0.01361","0.00443","0.01415","0.0107","0.01339","0.0109","0.01176","0.01062","0.01433","0.00775","0.01263","0.00946","0.00915","0.00617","0.00939","0.01583","0.01247","0.00934","0.02264","0.00932","0.00855","0.01847","0.01074","0.02519","0.01131","0.02325","0.00828","0.01029","0.01289","0.0114","0.01767","0.02238","0.01879","0.01973","0.01267","0.00972","0.02064","0.02419","0.0129","0.0135","0.02123","0.01461","0.01494","0.01473","0.02323","0.01264","0.00813","0.00956","0.01794","0.01215","0.0123","0.01261","0.01228","0.01258","0.01315","0.01421","0.01286","0.01315"
"M91.1T1301.1","91.1","1301.06664","0.00054","0.00059","0.00061","5e-04","0.00053","0.00069","0.00064","0.00069","0.00073","0.00063","0.00076","0.00069","0.00059","0.00076","0.00049","0.00081","0.00076","0.00036","0.00086","0.00051","0.00084","4e-04","0.00079","0.00057","6e-04","0.00039","0.00052","0.00059","0.00091","0.00037","0.00081","0.00032","0.00038","0.00074","0.00042","8e-04","0.00051","0.00053","0.00054","0.00019","0.00084","2e-04","0.00024","0.00055","0.00066","0.00038","0.00077","0.00038","0.00034","0.00034","0.00034","0.00049","0.00051","0.00054","0.00063","0.00057","0.00054","0.00068"
"M72.1T428.8","72.1","428.76","0.06922","0.09433","0.07024","0.05764","0.09849","0.08568","0.03302","0.06821","0.07648","0.07044","0.08344","0.08037","0.14471","0.04266","0.11961","0.04492","0.07992","0.1088","0.03865","0.05415","0.07605","0.10783","0.09175","0.06347","0.06969","0.0448","0.02589","0.05673","0.06743","0.08346","0.06612","0.07813","0.09218","0.04834","0.08034","0.09061","0.09544","0.03437","0.05203","0.03122","0.0875","0.02889","0.02231","0.03811","0.03369","0.08234","0.04384","0.04042","0.12397","0.07966","0.08369","0.08651","0.0824","0.08283","0.08897","0.09056","0.08933","0.08487"
"M86.1T508.8","86.1","508.8","0.02691","0.02618","0.02202","0.01701","0.0288","0.02743","0.01036","0.02168","0.02726","0.02501","0.0285","0.02825","0.04951","0.01649","0.03227","0.01446","0.02732","0.02972","0.01416","0.02083","0.02657","0.0298","0.0299","0.02062","0.02084","0.01593","0.0105","0.01853","0.02489","0.02667","0.01721","0.02581","0.03022","0.01561","0.02781","0.02573","0.02989","0.01525","0.02079","0.01875","0.03299","0.01171","0.00906","0.0157","0.00751","0.02723","0.01271","0.01513","0.03998","0.02459","0.02518","0.02621","0.02495","0.02528","0.0283","0.02892","0.02832","0.02624"
"M147.1T534.6","147.1","534.6","5e-05","0.00044","0.00133","0.00017","0.00405","0.00019","0.00262","4e-05","8e-05","0.00013","0.00013","0.00316","0.00703","0.0011","6e-04","0.00022","4e-05","0.00289","6e-05","0.00204","0.00024","0.00104","0.0052","0.00137","0.00027","0.00387","0.00014","5e-05","6e-05","0.00062","0.00173","1e-04","0.00011","0.00017","9e-04","2e-04","3e-05","4e-05","9e-05","7e-05","7e-05","8e-05","2e-05","0.00109","3e-05","0.00292","0.00575","5e-05","6e-04","4e-04","0.00037","0.00047","0.00046","0.00054","0.00073","0.00082","0.00052","0.00066"
"M116.2T444.8","116.2","444.786","0.03374","0.08532","0.062","0.03627","0.10267","0.06438","0.03444","0.04159","0.04433","0.03246","0.04473","0.06408","0.13238","0.06597","0.12772","0.05676","0.04206","0.10057","0.02186","0.0643","0.03692","0.11613","0.11711","0.03343","0.05969","0.05741","0.02018","0.0244","0.04982","0.13217","0.09321","0.04902","0.03491","0.05554","0.10048","0.03822","0.03331","0.02639","0.02692","0.01776","0.07019","0.0146","0.01098","0.03547","0.02075","0.08975","0.042","0.02925","0.16238","0.0853","0.09411","0.09846","0.09308","0.09298","0.10208","0.10449","0.10208","0.09392"
"M147.1T501","147.1","501.006","0.00124","0.00105","0.00195","0.0011","0.00184","0.00069","0.00144","0.00143","0.00091","0.00075","0.00161","0.00127","0.00143","0.00187","0.00142","0.00136","0.00112","0.00136","0.00114","0.00124","0.00195","0.00172","0.00163","0.0017","0.00105","9e-04","0.00121","0.00064","0.00108","0.00121","0.00094","0.00091","0.00093","0.00114","0.00141","0.0014","0.00136","0.00168","0.00114","0.00116","0.00187","0.001","0.00105","0.001","0.00125","0.00098","0.00136","0.00114","0.0019","0.00118","0.00136","0.00126","0.00116","0.00115","0.00133","0.00134","0.00142","0.00118"
"M117.1T1007.8","117.1","1007.8182","0.00443","0.00266","0.00503","0.00391","0.00316","0.00318","0.00613","0.00425","0.00326","0.0036","0.00664","0.00478","0.00404","0.00338","0.00924","0.00417","0.00337","0.0031","0.004","0.00326","0.00482","0.00415","0.00804","0.00538","0.00518","0.00426","0.00337","0.00396","0.00448","0.00476","0.00276","0.00389","0.00368","0.00426","0.00243","0.00327","0.00463","0.00313","0.00439","0.00406","0.00315","0.00244","0.00379","0.00313","0.00327","0.00385","0.00323","0.00416","0.00408","0.0025","0.00268","0.00272","0.00256","0.0028","0.00326","0.00327","0.00355","0.0033"
"M246.2T863.4","246.2","863.4","0.00136","0.00134","0.00129","0.00115","0.0029","0.00196","0.00139","0.00196","0.00099","0.00104","0.00161","0.00257","0.00219","0.00113","0.00144","0.00123","0.00103","0.00178","0.00141","0.00119","0.00059","0.00696","0.00184","0.00309","0.00372","0.00231","0.00061","0.00214","0.00172","0.00063","0.00205","0.00328","0.00404","0.00165","0.00094","0.00088","0.0014","0.00052","0.00101","0.00104","0.00096","1e-04","0.00091","0.0012","5e-04","0.00108","0.00041","0.00079","0.0037","8e-04","0.00096","0.00097","0.00094","0.00088","0.00145","0.00139","0.0014","0.00107"
"M205.1T597.6","205.1","597.564","0.03849","0.0229","0.03367","0.02528","0.03702","0.02356","0.05023","0.02426","0.02765","0.02302","0.05286","0.0365","0.02742","0.02994","0.05159","0.04057","0.03768","0.03505","0.04324","0.02156","0.03391","0.03571","0.04437","0.04466","0.03275","0.04334","0.03396","0.0278","0.04028","0.05602","0.03003","0.02876","0.03052","0.0377","0.02334","0.01769","0.02571","0.02561","0.03444","0.03394","0.02769","0.02539","0.02602","0.0181","0.02095","0.03369","0.02308","0.02691","0.02437","0.02882","0.02814","0.03002","0.02895","0.02926","0.03045","0.03078","0.03155","0.02974"
"M343.3T1316","343.3","1315.97718","0.03315","0.0246","0.02783","0.02816","0.02728","0.02565","0.03682","0.02104","0.02707","0.02579","0.03358","0.03271","0.0336","0.02828","0.03204","0.02619","0.02606","0.02537","0.02326","0.03001","0.03216","0.03088","0.03089","0.02653","0.03034","0.03542","0.03798","0.04116","0.0281","0.04151","0.02018","0.02585","0.03124","0.0367","0.02488","0.02753","0.03922","0.04478","0.03299","0.03294","0.04119","0.02317","0.03312","0.01329","0.0361","0.04033","0.0255","0.03771","0.0252","0.0218","0.02399","0.02409","0.02447","0.02436","0.02888","0.03117","0.03042","0.02802"
"M245.2T652.3","245.2","652.28898","0.00274","0.00303","0.00163","0.00253","0.00218","0.00249","0.00215","0.00301","0.00134","0.00212","0.00371","0.00279","0.00266","0.00164","0.00234","0.00158","0.00215","0.00283","0.00227","0.00285","0.00321","0.00292","0.00311","0.00233","0.0018","0.00176","0.00118","0.00297","0.00162","0.0029","0.0019","0.00221","0.00248","0.00214","0.00205","0.00209","0.00321","0.00153","0.00284","0.00257","0.00186","0.00243","0.00299","0.00113","0.00054","0.00232","0.00149","0.00201","0.00339","0.00251","0.00239","0.00252","0.00237","0.00244","0.00278","0.00272","0.00262","0.00242"
"M102.1T458.6","102.1","458.58","0.00874","0.0271","0.01332","0.00636","0.04578","0.01049","0.00842","0.00695","0.0125","0.0064","0.00609","0.01426","0.0205","0.03109","0.04007","0.00722","0.00826","0.02252","0.00095","0.01198","0.0097","0.04667","0.02363","0.00514","0.01675","0.02081","0.00177","0.01139","0.00598","0.0473","0.02765","0.00857","0.00597","0.00532","0.02167","0.01692","0.01801","0.00188","0.00679","0.00122","0.0117","0.00048","0.00039","0.00248","0.00228","0.01089","0.02022","0.00242","0.04152","0.02376","0.02534","0.02774","0.02463","0.02487","0.02596","0.02696","0.02597","0.02271"
"M130.2T507","130.2","506.976","0.0076","0.01184","0.00945","0.00716","0.01201","0.008","0.00803","0.00768","0.00867","0.00858","0.00829","0.0113","0.01332","0.00802","0.0129","0.0086","0.00684","0.01452","0.00626","0.00892","0.00894","0.01124","0.01128","0.00565","0.00907","0.01103","0.00662","0.00723","0.00823","0.01138","0.01139","0.00701","0.00889","0.00726","0.01277","0.0084","0.00747","0.0064","0.00694","0.00648","0.01124","0.00653","0.00666","0.0067","0.00612","0.01132","0.00846","0.00663","0.01136","0.01121","0.0109","0.01181","0.0111","0.01126","0.01217","0.01265","0.01272","0.01176"
"M147.1T564.8","147.1","564.77088","1.74108","1.44962","1.38914","2.05232","1.56633","1.51394","2.52165","1.50053","1.73859","2.14561","1.43138","1.27513","2.36863","0.93039","2.59736","1.54887","1.2546","3.3629","2.12683","1.39438","1.86965","1.98452","2.96019","2.22122","1.30226","1.21077","1.54257","1.48669","2.03065","0.87681","1.87081","2.03092","2.19829","2.04159","1.40297","1.78783","1.98475","1.31724","1.21218","1.14301","1.64459","1.83146","1.96296","1.32271","2.79485","1.93881","1.09186","1.48312","1.36671","1.72373","1.75387","1.80362","1.74846","1.76607","1.85414","1.88604","1.8828","1.80706"
"M70.1T507.7","70.1","507.72","0.09653","0.0578","0.06036","0.03577","0.09368","0.05089","0.02732","0.04133","0.06599","0.03085","0.03453","0.05789","0.08253","0.04144","0.30668","0.05165","0.05678","0.07377","0.04226","0.05458","0.05814","0.07576","0.11135","0.06939","0.04534","0.04909","0.02099","0.04287","0.05264","0.07893","0.06489","0.07157","0.07315","0.04551","0.0606","0.05396","0.08349","0.02765","0.03536","0.03387","0.0695","0.01603","0.00993","0.01871","0.0124","0.09062","0.03647","0.03741","0.10147","0.07626","0.07942","0.08271","0.07763","0.07865","0.08657","0.08791","0.08686","0.08166"
"M371.3T1407.7","371.3","1407.678","0.97472","0.77998","0.78504","0.82028","0.78693","0.78369","1.23021","0.68449","0.79208","0.78997","0.79044","0.95331","0.86575","0.90142","1.09649","0.81235","0.78857","0.95045","0.75051","0.88484","0.82045","0.87483","0.97107","0.78577","0.80714","1.12579","0.97222","0.98256","0.90801","1.30484","0.79461","0.8199","1.0507","0.89358","0.93478","0.74135","0.9703","1.00777","0.85519","0.84545","1.01809","0.67851","0.8375","0.47234","0.81053","0.98769","0.78197","0.84645","0.91787","0.75467","0.77223","0.7645","0.77309","0.78097","0.82393","0.85103","0.84269","0.81643"
"M86.1T489.9","86.1","489.9","0.06674","0.07235","0.05964","0.04428","0.07007","0.06144","0.02498","0.05581","0.05896","0.05776","0.05847","0.06393","0.09914","0.02875","0.07436","0.03615","0.06115","0.07598","0.0284","0.04948","0.06703","0.07713","0.06822","0.04878","0.0564","0.03879","0.02323","0.04799","0.05374","0.06573","0.0499","0.07275","0.08127","0.03824","0.06704","0.06368","0.07295","0.03522","0.04676","0.04035","0.08056","0.02701","0.01943","0.03256","0.01685","0.06767","0.02798","0.03528","0.10306","0.05912","0.06221","0.06372","0.061","0.06217","0.06783","0.06914","0.06943","0.0646"
"M341T1233.6","341","1233.58488","0.02372","0.0182","0.02115","0.02465","0.01701","0.02096","0.02628","0.02565","0.02738","0.02596","0.03449","0.03086","0.02432","0.0265","0.0259","0.02113","0.01803","0.01909","0.02116","0.02175","0.03206","0.02282","0.02599","0.02067","0.02544","0.01909","0.02947","0.02928","0.02774","0.02213","0.01712","0.01954","0.0209","0.02709","0.01723","0.02115","0.02613","0.0177","0.02812","0.02589","0.02827","0.0182","0.02382","0.02402","0.01774","0.0172","0.01889","0.01388","0.01857","0.02749","0.01777","0.01766","0.01698","0.01689","0.01806","0.01726","0.01741","0.02865"
"M145.1T501.3","145.1","501.26004","0.00213","0.00166","0.00343","0.00169","0.00277","0.00092","0.00194","0.00246","0.00144","0.0012","0.00247","0.00226","0.00203","0.00263","0.00235","0.0023","0.00182","0.00237","0.00188","0.0019","0.00321","0.00266","0.00272","0.0026","0.00171","0.00156","0.00199","0.00103","0.00181","0.00199","0.00147","0.00162","0.00148","0.00172","0.00214","0.00224","0.00219","0.00267","0.00198","0.00189","0.00319","0.0017","0.00174","0.00163","0.00224","0.00172","0.00216","0.00213","0.00317","0.00199","0.00209","0.00217","0.00197","0.00208","0.00221","0.00219","0.00213","0.0021"
"M218.1T1073.3","218.1","1073.27616","0.0165","0.01567","0.01443","0.0131","0.01674","0.01874","0.00779","0.01699","0.01923","0.01312","0.01988","0.01975","0.03081","0.01317","0.01989","0.01321","0.01984","0.02912","0.00891","0.01557","0.02776","0.02411","0.01718","0.02024","0.02038","0.01538","0.00446","0.01989","0.01872","0.01956","0.01616","0.02771","0.02702","0.01757","0.01555","0.01778","0.02549","0.01072","0.01697","0.00144","0.01632","0.00624","0.00055","0.01774","0.00808","0.00753","0.01129","0.00397","0.02284","0.01151","0.01321","0.0135","0.01302","0.01311","0.0182","0.01961","0.01995","0.01738"
"M160.1T746.3","160.1","746.256","0.00321","0.0038","0.00687","0.00361","0.00476","0.00291","0.00351","0.00503","0.00656","0.00452","0.00799","0.00435","0.007","0.00562","0.00919","0.00563","0.00763","0.00793","0.00472","0.00514","0.00583","0.01163","0.00354","0.00396","0.00073","0.00336","0.00233","0.00658","0.00745","0.01237","0.00423","0.01167","0.00817","0.0052","0.0082","8e-04","0.00832","0.00421","0.00531","0.00349","0.00693","0.00231","0.00245","0.00709","0.00753","0.00271","0.00241","0.00235","0.00624","0.00567","0.00509","0.0053","0.00492","0.00486","0.00545","0.00563","0.00581","0.00543"
"M174.1T624.6","174.1","624.576","0.00545","0.00456","0.00225","0.00476","0.01203","0.00389","0.00442","0.00302","0.00956","0.00446","0.00358","0.00269","0.01158","0.00619","0.02655","0.00584","0.00931","0.00731","0.00495","0.00304","0.0074","0.0111","0.00775","0.00576","0.01425","0.00537","0.00317","0.01318","0.00511","0.01274","0.00826","0.01566","0.00989","0.00597","0.0049","0.01085","0.02433","0.00944","0.0056","0.00527","0.01322","0.00254","0.00281","0.00792","0.00508","0.00489","0.01085","0.00323","0.00808","0.00508","0.00515","0.00541","0.00518","0.00514","0.00576","0.00571","0.00575","0.00543"
"M176.1T791.1","176.1","791.06316","0.00428","0.00268","0.00253","0.00382","0.00393","0.00245","0.00163","0.00374","0.00515","0.00296","0.00399","0.00305","0.00704","0.00222","0.00747","0.00242","0.00445","0.00521","0.00156","0.00308","0.00402","0.00458","0.00337","0.00392","0.00332","0.00322","0.00191","0.00356","0.00249","0.00604","0.0024","0.0062","0.0051","0.00292","0.00384","0.0039","0.00527","0.00225","0.00274","0.00301","0.00151","0.00058","0.00092","0.00313","0.00196","0.00376","0.00238","0.00251","0.00523","0.00295","0.00342","0.00352","0.00331","0.00334","0.00424","0.00449","0.00437","0.00363"
"M134.545T620.5","134.545","620.538","1.23506","1.32898","1.76716","0.90475","0.95459","0.95992","0.58336","1.09139","1.46659","1.28553","1.45621","1.01099","1.58417","0.99878","1.93922","0.71611","1.46235","1.69944","1.07323","1.17616","1.30159","1.74341","1.43278","1.2722","0.97312","0.71259","0.56646","1.24427","0.91579","1.98431","1.19706","1.6262","1.64951","1.08536","1.28618","1.15884","1.29396","0.8737","1.20285","1.20905","1.73692","0.93918","0.9735","0.59431","0.78335","1.32382","0.91439","0.58015","1.82195","1.48381","1.49842","1.51686","1.49407","1.51424","1.51856","1.54017","1.53901","1.49984"
"M502.5T1645.7","502.5","1645.69188","0.00449","0.00264","0.00192","0.00296","0.00275","0.00144","0.00171","0.00604","0.00372","0.00383","0.00675","0.00341","0.00372","0.00745","0.00261","0.0033","0.0026","0.00156","0.00297","0.00228","0.00533","0.00362","0.00155","0.00163","0.00384","0.00296","0.00353","0.00606","0.00549","0.00288","0.00187","0.00239","0.00281","0.00289","0.00221","0.00332","0.00333","0.00327","0.00389","0.00402","0.00398","0.00622","0.00737","0.00295","0.00327","0.00314","0.00202","0.00493","0.00281","0.00117","0.00128","0.00151","0.0015","0.00141","0.00183","0.00196","0.00207","0.00179"
"M74.1T1276.8","74.1","1276.83048","0.01079","0.008","0.01005","0.01094","0.01035","0.00894","0.00984","0.01098","0.01089","0.01088","0.01133","0.01188","0.01103","0.0099","0.0091","0.00997","0.0104","0.00868","0.00999","0.01059","0.01114","0.01031","0.009","0.01069","0.01083","0.01085","0.01072","0.01103","0.01023","0.01003","0.00908","0.01086","0.01079","0.01108","0.00925","0.01027","0.01108","0.01066","0.01118","0.01127","0.00955","0.01085","0.01146","0.01123","0.01082","0.00993","0.01027","0.01023","0.01005","0.00734","0.00773","0.008","0.00754","0.00759","0.00972","0.01018","0.01046","0.00937"
"M147.1T419.2","147.1","419.225604","0.0016","0.0032","0.00267","0.00211","0.0033","0.00145","0.00475","0.00297","0.00271","0.0025","0.00424","0.00382","0.00399","0.00363","0.00625","0.00476","0.00321","0.00458","0.00436","0.00349","0.00325","0.00338","0.00432","0.00215","0.0017","0.00265","0.00213","0.00299","0.0039","0.00487","0.00331","0.0039","0.00379","0.00333","0.00433","0.00203","0.00474","0.00336","0.00292","0.00303","0.0033","0.00312","0.00311","0.00308","0.00427","0.00247","0.00164","0.00206","0.00281","0.00308","0.00373","0.00339","0.00296","0.00326","0.00329","0.00338","0.00336","0.00365"
"M399.4T1493.4","399.4","1493.35806","0.6354","0.46554","0.53854","0.56379","0.52114","0.49565","0.85413","0.4934","0.55425","0.57789","0.576","0.7297","0.58474","0.58969","0.75666","0.56029","0.54364","0.61398","0.54336","0.5888","0.57215","0.58001","0.67441","0.5235","0.5507","0.80571","0.68095","0.65434","0.65344","0.91717","0.50796","0.58564","0.70438","0.607","0.60244","0.49429","0.65964","0.64333","0.58091","0.56999","0.6587","0.42283","0.56433","0.37053","0.56024","0.61671","0.52977","0.55287","0.59452","0.45754","0.48298","0.47517","0.47858","0.4872","0.53549","0.56345","0.55731","0.51938"
"M217.1T1294.7","217.1","1294.68","2e-04","0.00035","0.00022","0.00053","0.00043","0.00043","0.00019","0.00022","5e-05","5e-05","0.00018","0.00117","0.00079","0.00011","0.00018","0.00033","0.00035","6e-05","0.00041","0.00031","0.00023","0.00013","0.00017","0.00054","0.00093","0.00035","0.00047","0.00013","0.00033","0.00018","0.00017","0.00022","0.00028","0.00058","0.00017","0.00016","0.00021","0.00026","4e-04","2e-05","3e-05","6e-05","4e-05","0.00039","0.00036","0.00014","0.00066","9e-05","8e-05","0.00023","0.00025","0.00013","0.00026","0.00022","0.00026","0.00029","0.00023","0.00024"
"M117.1T613.2","117.1","613.2","0.00978","0.01028","0.00397","0.01147","0.01005","0.0084","0.00407","0.01049","0.0117","0.01266","0.01843","0.00753","0.02202","0.00662","0.03412","0.00814","0.01132","0.01493","0.00523","0.00616","0.00771","0.01143","0.01034","0.01071","0.00863","0.00859","0.00492","0.00773","0.0066","0.01385","0.00777","0.0148","0.0116","0.00703","0.01322","0.01068","0.01607","0.00708","0.00984","0.00937","0.01237","0.00524","0.00554","0.00568","0.00594","0.01112","0.00828","0.00586","0.0162","0.00976","0.01014","0.01086","0.01007","0.01063","0.0117","0.0123","0.01243","0.01076"
"M165.345T752.6","165.345","752.592","0.00853","0.00894","0.00523","0.02817","0.01179","0.00589","0.01043","0.01042","0.02058","0.00953","0.01176","0.00982","0.01725","0.00899","0.02301","0.02761","0.00969","0.01318","0.01951","0.01296","0.02004","0.00742","0.01717","0.01868","0.02515","0.01303","0.01078","0.01062","0.02432","0.01199","0.00888","0.01942","0.02894","0.01727","0.00984","0.04324","0.01754","0.01483","0.00958","0.01074","0.00844","0.01815","0.01801","0.01337","0.00678","0.0183","0.01019","0.00974","0.01577","0.00955","0.01036","0.01067","0.01014","0.01041","0.01117","0.01113","0.0117","0.01029"
"M115.1T821.5","115.1","821.47332","0.01048","0.00596","0.00573","0.00878","0.0107","0.00696","0.00694","0.00795","0.0067","0.00649","0.008","0.00541","0.01177","0.00534","0.00821","0.00651","0.00658","0.00871","0.00704","0.00704","0.00667","0.0108","0.00839","0.0121","0.00647","0.0074","0.00513","0.00605","0.0062","0.0071","0.0105","0.00903","0.00974","0.00686","0.00937","0.00795","0.01124","0.01024","0.00976","0.00896","0.00418","0.00469","0.0053","0.00256","0.00496","0.00695","0.00742","0.00519","0.00757","0.00836","0.00859","0.00892","0.00869","0.00902","0.00968","0.01031","0.01021","0.00878"
"M205.2T746.3","205.2","746.31","0.00233","0.00106","0.00078","0.00177","0.0011","0.00089","0.00055","0.00115","0.00094","0.00108","0.0011","0.00179","0.00265","0.00081","0.00171","0.00129","0.00055","0.00138","0.00144","0.00134","0.00077","0.00093","0.00105","0.00165","0.00243","0.00173","0.00104","0.00136","0.00089","0.00122","0.00091","0.0018","0.00108","0.00289","0.00107","0.00177","0.002","0.0013","0.00127","0.00129","0.00121","0.00123","0.00122","0.00082","0.00146","0.00185","0.00098","4e-04","0.00126","0.00114","0.00119","0.00112","0.00121","0.0012","0.00139","0.00144","0.00135","0.00125"
"M217.1T1038.6","217.1","1038.6","0.00355","0.00172","0.00237","0.01578","1e-04","0.00249","0.00202","0.00297","0.0086","0.00032","0.00158","0.00057","0.00476","0.001","0.00974","0.0171","0.0032","0.00412","0.00099","0.00785","0.00987","0.00177","0.0038","0.00688","0.01197","0.00274","0.00154","0.00284","0.01283","0.00172","0.00308","0.00714","0.01667","0.00395","0.00424","0.02669","0.00491","0.00286","0.00248","0.00296","0.00285","0.00441","0.00494","0.00053","0.00146","0.01007","0.00071","0.00099","0.00315","0.00216","0.00201","0.00209","0.00195","0.00216","0.00222","0.00227","0.00209","0.00235"
"M273.1T1002.4","273.1","1002.43998","0.00051","0.00158","0.00041","0.00219","0.00283","0.00068","0.00262","0.0011","0.00098","0.0012","0.00356","0.0011","0.00261","0.00249","0.00215","0.0014","0.00165","0.00133","0.00183","0.00144","0.00124","0.0032","0.00271","0.0016","0.00095","0.00451","0.00137","0.00217","0.00596","0.00375","0.00138","0.00195","0.00153","0.00214","0.00154","0.00141","0.00234","0.00174","0.00247","0.00098","0.00128","0.00201","0.00055","0.00229","0.00136","0.00054","0.00201","0.00136","0.00445","0.00051","0.00048","0.00051","0.00047","0.00048","8e-04","0.00085","0.00096","0.00057"
"M165.1T486.6","165.1","486.606","0.00355","0.00347","0.00043","0.00336","0.00671","0.02341","0.00203","0.00249","0.01019","0.01356","0.01381","0.00774","0.02287","0.00529","0.00883","0.00356","0.00628","0.0037","0.00325","0.00386","0.00896","0.01426","0.00562","0.00787","0.00227","0.01228","0.0029","0.00775","0.00415","0.00417","0.00654","0.00838","0.01335","0.00555","0.00393","0.00375","0.00464","0.01675","0.00106","0.00102","0.00669","0.00865","0.00936","0.00122","0.00984","0.00953","0.00073","0.00261","0.00819","0.00763","0.00793","0.00803","0.00773","0.00779","0.00839","0.00835","0.00857","0.00852"
"M202.1T1155.7","202.1","1155.66","0.00059","0.00018","0.00059","0.00073","0.00031","0.00059","0.00043","0.00217","0.00018","0.00023","0.00023","0.00042","0.00039","0.00101","0.00026","0.00192","0.00059","8e-05","0.00082","0.00037","4e-04","3e-04","0.00046","0.00051","0.00023","0.00074","0.00046","0.00043","0.00046","5e-04","2e-04","0.00048","0.00037","0.00031","0.00013","0.00022","0.00039","0.00028","0.00201","0.00188","0.00014","0.00042","0.00065","0.00078","0.00018","8e-05","0.00037","0.00037","0.00031","0.00027","0.00033","0.00028","3e-04","0.00037","0.00046","0.00043","0.00047","0.00041"
"M160.1T706.4","160.1","706.44","0.00057","0.00063","0.00042","0.00028","0.00042","0.00027","0.00014","3e-04","0.00044","0.00062","0.00048","0.00036","0.00079","0.00027","0.00092","0.00012","0.00014","0.00076","0.00032","0.00062","0.00026","0.00048","0.00042","0.00034","5e-05","0.00028","3e-04","0.00077","0.00032","0.00087","0.00029","6e-04","0.00028","0.00058","0.00051","5e-05","0.00071","9e-05","0.00045","0.00043","0.00047","0.00011","0.00018","0.00024","0.00024","0.00055","0.00036","0.00013","0.00075","0.00046","0.00044","0.00043","5e-04","0.00046","0.00052","0.00056","0.00055","0.00053"
"M156.1T793.6","156.1","793.63008","0.06537","0.09168","0.03171","0.04044","0.06979","0.05798","0.0743","0.04724","0.08127","0.07324","0.06794","0.04257","0.06726","0.04908","0.10007","0.0479","0.05053","0.10071","0.03775","0.03691","0.04977","0.06464","0.08256","0.04874","0.08703","0.07527","0.06534","0.07146","0.0767","0.13414","0.047","0.06563","0.06258","0.04783","0.04306","0.0823","0.06768","0.04799","0.06343","0.0659","0.07621","0.02267","0.03853","0.06425","0.06504","0.06662","0.06204","0.07265","0.11079","0.08689","0.08712","0.09156","0.08797","0.08809","0.10163","0.10367","0.10495","0.09124"
"M103.1T902.2","103.1","902.16","0.00043","0.00012","0.00027","0.00044","0.00031","0.00017","0.00019","0.00024","0.00023","0.00027","0.00031","0.00045","0.00053","0.00031","6e-04","0.00044","0.00021","0.00023","0.00038","3e-04","0.00033","4e-04","0.00039","0.00048","0.00041","0.00041","0.00026","0.00026","0.00057","0.00043","0.00021","0.00041","0.00048","0.00039","0.00024","0.00065","0.00044","0.00031","0.00041","0.00039","0.00033","0.00029","0.00034","3e-04","0.00023","5e-04","0.00022","0.00016","0.00036","0.00025","0.00025","0.00028","0.00028","0.00028","0.00033","0.00031","0.00036","0.00026"
"M217.1T788.4","217.1","788.352","0.00138","9e-04","0.00108","0.00118","0.00128","0.00121","0.0023","0.00116","0.00111","0.001","0.00116","0.00132","0.00162","0.00131","0.00192","0.00155","0.0013","0.00113","0.00181","0.00104","0.00166","0.00154","0.00294","0.00146","0.00147","0.00132","0.00127","0.0011","0.00158","0.00118","0.00143","0.00165","0.00157","0.00151","0.00088","0.00134","0.00117","0.0016","0.00163","0.0016","0.00108","0.00136","0.0015","0.00126","0.00119","0.00093","0.0011","0.00123","0.00132","0.00138","0.00136","0.00144","0.00136","0.00137","0.00156","0.00164","0.00166","0.00137"
"M120.1T810","120.1","810.03","0.02005","0.01468","0.01858","0.01423","0.01801","0.01566","0.00733","0.01541","0.01906","0.01319","0.01503","0.01439","0.01879","0.01023","0.02118","0.01173","0.01752","0.02193","0.00922","0.01619","0.02035","0.02069","0.01412","0.01773","0.01511","0.01241","0.0086","0.01737","0.01554","0.02058","0.01339","0.02624","0.02378","0.01242","0.01732","0.01697","0.01954","0.01129","0.01456","0.01349","0.01934","0.00548","0.01179","0.01514","0.00962","0.01747","0.00952","0.01045","0.02457","0.01344","0.0148","0.01611","0.0148","0.01546","0.01842","0.01934","0.01909","0.0162"
"M299.1T598.3","299.1","598.32318","0.09832","0.12047","0.11644","0.13456","0.15938","0.10072","0.16679","0.11278","0.10471","0.13779","0.19219","0.10332","0.15484","0.16254","0.14837","0.13321","0.12266","0.15365","0.1016","0.15056","0.11829","0.18644","0.12998","0.13036","0.04781","0.20982","0.11533","0.15359","0.28608","0.23683","0.13055","0.17421","0.15411","0.13187","0.16645","0.04799","0.15023","0.11471","0.13085","0.08925","0.17427","0.13169","0.10905","0.14585","0.13593","0.1036","0.1065","0.12621","0.17419","0.07522","0.07571","0.0733","0.07064","0.07112","0.08594","0.08536","0.08356","0.07281"
"M218.2T469.4","218.2","469.404","0.00267","0.00315","0.00294","0.00256","0.00305","0.00454","0.00469","0.00279","0.00289","0.00235","0.00231","0.00444","0.00339","0.00365","0.00303","0.00339","0.00224","0.00331","0.00234","0.00318","0.00286","0.00307","0.00326","0.0021","0.00619","0.00322","0.00283","0.00257","0.00376","0.00338","0.00321","0.00307","0.00258","0.00304","0.00344","0.00395","0.00261","0.0023","0.00258","0.00266","0.00267","0.00309","0.00279","0.00387","0.0026","0.00346","0.00331","0.00432","0.00312","0.00287","0.00291","0.00309","0.00286","0.00293","0.0031","0.00316","0.00324","0.00306"
"M202.1T1226.1","202.1","1226.1","0.0158","0.00874","0.0089","0.00537","0.00503","0.00737","0.00514","0.00652","0.00628","0.00873","0.00852","0.00435","0.00964","0.00435","0.01007","0.00584","0.01193","0.01308","0.00625","0.00892","0.00777","0.01635","0.0053","0.00794","0.00913","0.00535","0.00623","0.00513","0.00497","0.00908","0.00861","0.01127","0.0086","0.00518","0.01292","0.00804","0.01013","0.00424","0.00609","0.00843","0.01205","0.00836","0.0027","0.00548","0.00499","0.01394","0.00611","0.00693","0.01058","0.00908","0.00983","0.01111","0.01114","0.01049","0.01201","0.01168","0.01174","0.00965"
"M329.4T1655.9","329.4","1655.93262","0.05575","0.0445","0.0413","0.04099","0.04059","0.03225","0.03451","0.05378","0.05385","0.04723","0.05466","0.05462","0.04137","0.06305","0.03342","0.05015","0.04689","0.02785","0.03614","0.03344","0.05896","0.05089","0.03014","0.03302","0.05087","0.03454","0.03877","0.07152","0.0684","0.0354","0.04202","0.03641","0.04269","0.04092","0.03991","0.0481","0.0484","0.04707","0.04492","0.04347","0.05167","0.04714","0.05153","0.03043","0.0401","0.04296","0.04062","0.04975","0.04214","0.03268","0.03275","0.03239","0.03101","0.03067","0.03511","0.0412","0.03462","0.03608"
"M132.1T580.9","132.1","580.92","0.01299","0.01646","0.00639","0.01411","0.02277","0.01046","0.00639","0.00632","0.01148","0.01101","0.01219","0.01184","0.01716","0.01049","0.02965","0.00857","0.01756","0.01547","0.00643","0.00825","0.00923","0.01583","0.01474","0.01039","0.02034","0.01545","0.00529","0.01243","0.00729","0.02584","0.01196","0.02084","0.0135","0.00846","0.01743","0.01383","0.02816","0.009","0.00854","0.0074","0.01028","0.00529","0.00452","0.00848","0.00748","0.01416","0.01087","0.00666","0.01878","0.01125","0.01239","0.01304","0.01234","0.01254","0.01435","0.0153","0.01519","0.01281"
"M189.1T645.2","189.1","645.156","0.00096","0.00096","0.00043","0.0015","0.00107","0.00046","0.00192","0.00115","0.00081","0.00097","0.00109","0.00143","0.00119","0.00075","0.00181","0.00119","0.00101","0.00114","0.00125","0.00074","0.00089","9e-04","0.0019","0.00111","0.00112","0.00177","0.00127","0.00086","0.00155","0.00087","0.00058","0.00102","0.00125","0.00124","9e-04","0.00091","0.00131","0.00115","0.00085","8e-04","0.00107","0.00126","0.00151","0.00101","0.00122","0.00116","0.00137","0.00132","0.0014","0.00083","0.00078","0.00071","0.00076","0.00076","0.00088","0.00096","0.00094","0.00087"
"M74.1T1375.1","74.1","1375.10568","0.00103","0.00057","0.00067","0.00088","0.001","0.00086","0.00083","0.00112","0.00118","0.00111","0.00099","0.00109","0.00112","0.00084","0.00079","0.00091","0.00073","0.00087","0.00095","0.00101","0.00097","9e-04","0.00077","0.00081","0.00105","0.00088","0.00086","0.00096","0.00084","0.00083","0.00063","0.00136","0.00073","0.00085","0.001","0.00094","0.00083","0.00078","0.00096","0.00091","0.00112","0.00098","0.00085","0.00095","8e-04","0.00098","8e-04","0.00068","0.00098","0.00057","6e-04","0.00058","0.00074","0.00068","0.00101","0.00089","0.00078","0.00079"
"M179.1T569.9","179.1","569.94","0.00233","0.00168","0.00207","0.00243","0.0019","0.0017","0.00232","0.00202","0.00233","0.00238","0.00286","0.00204","0.00279","0.00258","0.00228","0.00188","0.00171","0.00219","0.00202","0.00225","0.00239","0.00255","0.00261","0.00176","0.00226","0.00257","0.00196","0.00226","0.00259","0.00233","0.00169","0.0023","0.00256","0.00262","0.00261","0.00194","0.00239","0.00219","0.0023","0.00236","0.00228","0.00256","0.00268","0.0024","0.00172","0.00178","0.00168","0.00195","0.00186","0.00174","0.0019","0.00179","0.00168","0.00176","0.00189","0.00183","0.0019","0.00193"
"M147.1T542.4","147.1","542.4","0.00653","0.00774","0.00831","0.00682","0.00691","0.00526","0.00726","0.00737","0.00519","0.00469","0.00523","0.00718","0.0064","0.00616","0.00723","0.00487","0.00566","0.00727","0.00577","0.00767","0.00712","0.00798","0.00713","0.0047","0.00499","0.00789","0.00564","0.00718","0.00537","0.00739","0.0072","0.00761","0.00748","0.00773","0.00757","0.00692","0.00747","0.00701","0.00421","0.00367","0.00485","0.0039","0.00244","0.0041","0.004","0.00783","0.00614","0.00717","0.00791","0.00772","0.00696","0.00822","0.00703","0.00715","0.00757","0.00751","0.00794","0.00752"
"M218.1T1477.8","218.1","1477.758","0.00822","0.00381","0.00738","0.00773","0.00689","0.00455","0.00675","0.00643","0.00673","0.00693","0.00778","0.01022","0.00669","0.00726","0.00494","0.00764","0.00717","0.00344","0.00685","0.00663","0.0077","0.00514","0.00884","0.00598","0.00703","0.01209","0.00868","0.00738","0.00834","0.00516","0.00552","0.00631","0.00695","0.00606","0.00419","0.00685","0.00676","0.00923","0.00738","0.0076","0.0078","0.00476","0.00783","0.00401","0.00828","0.00546","0.00628","0.00725","0.00581","0.00297","0.0034","0.00335","0.00353","0.00366","0.00491","0.00509","0.00513","0.00422"
"M257.2T879.2","257.2","879.17172","0.00224","0.00122","0.00188","0.00188","0.00159","0.0015","0.00215","0.00138","0.00177","0.00174","0.00215","0.00226","0.00225","0.00217","0.00169","0.00144","0.00189","0.00158","0.00153","0.00187","0.00204","0.00171","0.00163","0.00203","0.00205","0.00213","0.00143","0.00169","0.00307","0.00261","0.00121","0.00167","0.00153","0.00208","0.00153","0.00164","0.00202","0.00171","0.00195","0.00178","0.0017","0.00144","0.00196","0.00158","0.00178","0.00177","0.00136","0.00165","0.00169","0.00108","0.00112","0.00139","0.00115","0.00122","0.00154","0.00152","0.00147","0.00141"
"M319.2T1078.6","319.2","1078.62","0.00023","0.00029","0.00107","0.00024","0.00038","0.00094","0.00068","0.00015","0.00016","0.00022","0.00026","0.00033","0.00448","0.00147","0.00204","0.00043","3e-04","2e-04","0.00561","0.00024","0.00031","0.00107","0.00553","0.00039","0.00065","4e-04","0.00054","0.00029","8e-04","0.00044","0.00059","0.00068","0.00041","0.00037","0.00025","0.00027","0.00048","0.00052","0.00081","0.00064","0.00044","0.00044","0.00041","0.00028","0.00019","0.00014","0.00034","0.00043","0.00052","0.00543","0.00474","0.00502","0.00505","0.0051","0.00562","0.00561","0.00549","0.00535"
"M217.1T941.9","217.1","941.88","0.00076","0.00039","0.00041","0.00079","0.00064","0.00064","0.00126","0.00069","0.00047","0.00055","0.00064","0.00068","0.00094","0.00069","0.00155","0.00068","0.00051","0.00063","0.00074","0.00054","0.00093","8e-04","0.00171","0.00117","0.00089","0.00068","0.00069","0.00067","0.00098","0.00075","0.00065","0.00085","0.00072","0.00085","0.00051","0.00099","0.00074","0.00077","0.00113","0.00113","0.00061","0.00063","0.00075","0.00063","0.00063","0.00033","0.00061","0.00068","0.00075","0.00061","0.00071","0.00074","0.00074","0.00068","0.00086","0.00084","0.00093","0.00084"
"M217.1T942.4","217.1","942.40008","0.00076","0.00039","0.00041","0.00079","0.00064","0.00064","0.00126","0.00069","0.00047","0.00055","0.00064","0.00068","0.00094","0.00069","0.00155","0.00068","0.00051","0.00063","0.00074","0.00054","0.00093","8e-04","0.00171","0.00117","0.00089","0.00068","0.00069","0.00067","0.00098","0.00075","0.00065","0.00085","0.00072","0.00085","0.00051","0.00099","0.00074","0.00077","0.00113","0.00113","0.00061","0.00063","0.00075","0.00063","0.00063","0.00033","0.00061","0.00068","0.00075","0.00061","0.00071","0.00074","0.00074","0.00068","0.00086","0.00084","0.00093","0.00084"
"M188.1T444.9","188.1","444.9","0.00026","0.00024","0.00035","0.00037","0.00031","0.00031","0.00043","0.00041","0.00057","0.00058","0.00048","0.00054","0.00045","0.00036","0.00044","0.00056","0.00048","0.00046","0.00056","0.00043","0.00044","0.00042","0.00036","0.00047","0.00028","0.00029","0.00029","0.00037","0.00065","0.00052","0.00053","0.00048","0.00072","0.00053","0.00062","0.00031","0.00048","0.00038","0.00033","0.00032","0.00061","0.00048","0.00049","0.00033","0.00054","0.00039","0.00026","0.00028","0.00041","4e-04","0.00059","0.00051","0.00049","0.00048","0.00042","0.00046","0.00048","5e-04"
"M218.1T1391.7","218.1","1391.7","0.01661","0.00965","0.01622","0.01573","0.01408","0.01019","0.01352","0.01146","0.01269","0.01309","0.01317","0.01619","0.01249","0.01399","0.00999","0.01623","0.01405","0.00795","0.01352","0.01476","0.01446","0.01055","0.01664","0.01354","0.01461","0.02142","0.01753","0.01384","0.01423","0.00969","0.01215","0.01156","0.0138","0.01297","0.00925","0.01438","0.01385","0.01879","0.01447","0.01457","0.01614","0.00999","0.01396","0.00737","0.0146","0.01263","0.01227","0.01492","0.01166","0.00727","0.00761","0.00771","0.00773","0.00798","0.00916","0.00967","0.0093","0.00883"
"M147.1T479","147.1","478.98","0.44013","0.69048","0.21449","0.55377","0.41051","0.44683","0.29161","0.50088","0.35878","0.32122","0.44391","0.29408","0.57909","0.44831","0.46138","0.35037","0.5392","0.60375","0.37607","0.54649","0.44886","0.47637","0.4917","0.46675","0.54571","0.39885","0.42678","0.35352","0.36926","0.47057","0.47174","0.39718","0.44146","0.33696","0.3937","0.7683","0.45056","0.34412","0.46218","0.4669","0.4055","0.51202","0.50681","0.26668","0.27495","0.55404","0.55357","0.5089","0.64645","0.44642","0.44875","0.4648","0.44312","0.45048","0.46281","0.46349","0.4656","0.46313"
"M200.1T532","200.1","532.008","0.00042","0.00017","0.00034","0.00033","0.00045","0.00017","0.00024","0.00053","0.00027","2e-04","0.00044","0.00055","0.00086","0.00032","0.00033","0.00048","0.00045","0.00024","0.00045","0.00047","0.00038","0.00028","0.00033","0.00034","0.00059","0.00041","5e-04","0.00014","0.00027","0.00013","0.00028","0.00031","0.00048","0.00037","5e-04","0.00068","0.00057","0.00073","0.00033","0.00039","0.00055","0.00027","3e-04","0.00029","0.00054","0.00036","0.00018","0.00023","0.00039","0.00036","0.00035","0.00036","0.00034","0.00033","0.00037","0.00041","0.00045","0.00036"
"M179.1T1038.6","179.1","1038.6","0.00516","0.00435","0.0022","0.00189","0.00221","0.00339","0.00131","0.00179","0.00297","0.00344","0.00473","0.00158","0.00464","0.0014","0.0041","0.00168","0.00404","0.00379","0.00223","0.00207","0.00258","0.00536","0.00365","0.00326","0.00243","0.00174","0.00316","0.00178","0.00189","0.00414","0.00304","0.00402","0.00306","0.00167","0.00278","0.00253","0.00289","0.00151","0.00346","0.00986","0.00888","0.00042","0.00669","0.0016","0.0015","0.01074","0.00213","0.00396","0.00518","0.00231","0.00381","0.00408","0.00385","0.00312","0.00363","0.00376","0.00379","0.00283"
"M217.1T1172.4","217.1","1172.4","0.0051","0.00461","0.00232","0.00504","0.00477","0.00411","0.00746","0.00416","0.00394","0.00346","0.00373","0.00358","0.00519","0.00248","0.00721","0.00658","0.00517","0.00595","0.0055","0.00334","0.00514","0.00517","0.00887","0.00429","0.00589","0.00454","0.00417","0.00405","0.00525","0.00397","0.00484","0.00567","0.00612","0.00506","0.00447","0.00591","0.00458","0.0046","0.00595","0.00608","0.00536","0.0047","0.00499","0.00486","0.00358","0.00306","0.00401","0.00421","0.00483","0.00423","0.00435","0.0045","0.00422","0.00433","0.00466","0.00458","0.00442","0.00444"
"M201.2T581.9","201.2","581.88","3e-04","0.00015","0.00026","0.00031","0.00026","0.00032","0.00026","0.00023","0.00028","0.00031","0.00047","0.00023","0.00041","0.00039","0.00026","0.00022","0.00024","0.00029","0.00025","0.00028","0.00037","0.00033","0.00012","0.00026","3e-04","0.00033","0.00015","0.00027","0.00049","0.00044","0.00015","0.00025","0.00031","0.00031","0.00029","0.00017","0.00032","0.00017","0.00034","0.00039","0.00037","0.00034","0.00035","0.00034","2e-04","0.00026","0.00015","0.00015","0.00018","0.00017","0.00016","1e-04","0.00011","0.00013","0.00017","0.00017","0.00019","0.00019"
"M142.1T998.5","142.1","998.52","0.00038","0.00039","7e-05","0.00072","0.00083","0.00039","0.00052","0.00021","0.00039","2e-04","0.00013","0.00038","0.00062","2e-04","0.00115","0.00028","6e-04","6e-04","4e-04","0.00016","5e-04","0.00057","7e-04","0.00048","0.00104","0.00065","0.00047","0.00031","0.00033","0.00077","0.00041","0.00071","0.00092","0.00055","0.00014","0.00044","0.00083","4e-04","0.00028","6e-05","2e-04","7e-05","5e-05","0.00066","0.00032","0.00036","0.00043","0.00031","0.00082","0.00015","2e-04","2e-04","0.00019","0.00011","0.00023","0.00021","0.00021","1e-04"
"M147.1T406.3","147.1","406.314","0.68306","0.69166","0.7715","0.69144","1.06003","0.62747","0.6302","0.35091","0.38465","0.22228","0.5781","0.4468","0.46678","0.41132","0.44193","0.509","0.44988","0.35664","0.63443","0.31127","0.23982","0.80662","1.09673","0.78021","0.94645","1.06911","0.73935","0.26666","0.34861","0.26761","0.50482","0.48503","0.43517","0.44807","0.43208","0.42802","0.59641","0.74755","0.43664","0.43064","0.66363","0.49492","0.50082","0.41069","0.52134","0.55995","0.52379","0.78549","0.93601","0.52406","0.52137","0.54361","0.51748","0.52451","0.53733","0.54106","0.54199","0.54545"
