"","mz","rt","","","","","","","",""
"group","mz","rt","Cell line:T24S | Treatment:No","Cell line:T24S | Treatment:No","Cell line:T24S | Treatment:Yes","Cell line:T24S | Treatment:Yes","Cell line:T24R | Treatment:No","Cell line:T24R | Treatment:No","Cell line:T24R | Treatment:Yes","Cell line:T24R | Treatment:Yes"
"M544.45T313.8","544.45","313.8","27498.6","29018.6","28266.1","28838","34412","33663.6","31859.1","31851.6"
"M558.46T335.4","558.46","335.4","19905.9","23748.1","23273.2","25869.8","23288","23633.8","23489.6","23851.7"
"M574.5T372","574.5","372","22942.6","28046.2","52049.3","64259.9","69039.7","74611.7","110539.9","122767.9"
"M596.53T357.6","596.53","357.6","472761.2","527582.9","548091.4","575925.8","658790.1","690975.9","616854.7","600941.8"
"M570.46T320.4","570.46","320.4","24686.2","25915.2","29560","29192.6","32152","32682.9","32002.4","31844.7"
"M624.56T400.2","624.56","400.2","73134","76509","65226","75628.1","66649","68166.2","59168.8","59461.5"
"M652.59T442.8","652.59","442.8","15613.8","17218.2","17926.2","21165.1","28694.7","25305.9","24136.7","25808.3"
"M642.56T464.4","642.56","464.4","5483.2","6536.5","6653.8","7929.2","5766.8","6334.1","6331.7","7243.2"
"M680.62T483.6","680.62","483.6","125225.5","139364.2","154851.2","176007.6","123969.8","134566.3","135094.4","146149.9"
"M654.56T448.8","654.56","448.8","18143.8","22255.8","20344.2","24787.2","18298.6","19002.2","19645.7","21225.2"
"M670.59T503.4","670.59","503.4","33879.9","40298.1","40658","49635.1","35323.9","39332.3","44251.5","47407.2"
"M708.65T522","708.65","522","461766.7","519625.3","580311.1","631868","511314.1","574788.4","620120.8","644720.5"
"M706.63T481.8","706.63","481.8","249627.6","285995.9","316304.7","356568.8","392710.4","428326.4","436257.7","464385.2"
"M682.59T488.4","682.59","488.4","25458.6","26269.7","35652.2","23626","40157.3","45733","49294","71006.7"
"M253.22T112.8","253.22","112.8","22517.7","22273.9","24547.7","21382.2","18998.7","17450.2","14569.9","15139"
"M267.23T137.4","267.23","137.4","10344.4","9930.8","11371.9","9378","9871","9606","7548.2","7887.7"
"M281.25T166.8","281.25","166.8","279606.1","281781.4","309732.9","262538.4","223748.6","198021.3","172934.2","184522.7"
"M279.23T127.2","279.23","127.2","35619.1","32471.7","39888","33436.3","38946.1","33576.8","31011.5","31690.8"
"M309.28T204.6","309.28","204.6","21681.1","20878.5","25634.1","23667","26267.2","20609.3","20190.1","20849.1"
"M307.26T178.8","307.26","178.8","8761.8","7915.7","11450.3","10067.6","12729.6","9843.2","9539.3","10226.1"
"M305.25T154.2","305.25","154.2","5594","4856.1","8822.9","7612.1","7755.5","1964.3","6507.2","6884.5"
"M303.23T118.2","303.23","118.2","50557.3","42384.4","72770.7","74652.7","74700","62190.9","72164.1","83684.6"
"M301.22T91.2","301.22","91.2","4093.3","3606.2","5203.2","5240.6","5802.3","5080","5081.8","5241.5"
"M327.23T105","327.23","105","30779","26479.8","38887.3","37589.8","42370.4","38279.3","40438.7","43296.2"
"M790.59T403.2","790.59","403.2","19933.2","22895.5","20542.5","21709.1","19771.1","20133.4","14984.1","15843.7"
"M842.67T444","842.67","444","216213","251782.9","227041","241764.5","135861.1","162886.7","135879.9","140547.4"
"M832.64T463.8","832.64","463.8","51783.6","59434.4","46134.2","53393.8","35289.7","40852.6","33368","35967.3"
"M870.7T483","870.7","483","371194.4","405673.5","314477.8","315909.9","280506.3","344497.8","248846.7","242573.8"
"M868.69T442.2","868.69","442.2","212289.5","245383.2","206133.3","221296.2","235608.2","273691.8","211165.6","214946.5"
"M774.56T306.6","774.56","306.6","215194.3","161792.1","184848.4","160857.5","208627","170933.4","178624.9","161018.1"
"M554.35T95.4","554.35","95.4","4759.2","4714.4","5293.6","5296.9","5466.3","5175.5","5530.7","5164"
"M580.36T105.6","580.36","105.6","770.6","743.3","954.5","893.2","1208.7","844.7","1063.6","875.9"
"M452.28T97.2","452.28","97.2","1298.4","1412.4","1366.7","1297","1273.3","1900.7","1173.5","1839.7"
"M792.57T348.6","792.57","348.6","260600.1","254928.1","244628.7","240478.3","291423.6","284282.9","283378.6","275108.1"
"M790.56T310.8","790.56","310.8","192513","160283.6","172215.8","143570.8","190403.2","156202.5","171485","152454.7"
"M790.56T315","790.56","315","157259.8","159519.4","157677.9","153149.8","177425","183079.3","176710.1","175935"
"M788.54T282.6","788.54","282.6","25844.7","17788.5","24045.1","17449.3","33194.5","26534","28731.4","20527.5"
"M804.57T333","804.57","333","44667.7","46915.4","44985.1","44844.7","51741.7","56030.4","50893.6","51622.4"
"M818.59T352.8","818.59","352.8","543188.4","500226.7","506849.6","480038.4","480739.9","471324.1","468023.7","454776.9"
"M816.58T322.2","816.58","322.2","133471.8","124855.9","135472.6","125379.2","144614.7","136228.3","139740.5","130722.7"
"M814.56T294.6","814.56","294.6","4453","7143.9","4870.3","5048.5","6154.9","6138.8","5949.7","12374.8"
"M812.54T277.2","812.54","277.2","7281.3","6775.1","7584.4","7278.9","11992.8","11512.4","11800.3","11257.1"
"M830.59T336.6","830.59","336.6","20415.2","19929.9","18499.8","18547","23157.4","23538.4","21275.2","20646.6"
"M846.62T394.2","846.62","394.2","129585.3","117311.8","118666.9","112336.3","105955.3","106150.4","110304.7","103911.3"
"M842.59T325.2","842.59","325.2","57841.2","54896.7","54891.6","51916.4","57282.8","56880.9","55549.3","53248.1"
"M842.59T333","842.59","333","11612.9","11208.2","10641.5","9328.9","8940.1","9442.5","9765","12040.4"
"M840.57T296.4","840.57","296.4","7815.3","7869.1","8155.2","8031.9","11099.9","11270.9","11217.8","10479.5"
"M840.57T315.6","840.57","315.6","52086.2","56980.2","63112.3","69580.9","64921.6","69683.6","76230","83648.8"
"M838.56T290.4","838.56","290.4","5492","6436.7","6244.4","6691.2","6986.9","8132","8173.7","8566.9"
"M872.64T396","872.64","396","10712.1","10100.9","9474","9160.1","13789.9","11712","11451.8","11109"
"M868.61T355.8","868.61","355.8","25037.2","22629.4","28896","28206.4","26305.2","25760.1","32251.8","30728.1"
"M866.59T318","866.59","318","32541","30957.6","39046.9","37613.1","40506.1","35912.9","46661.7","44621"
"M864.57T306","864.57","306","20571.8","17935.8","22511.4","22770.2","21750.9","20875.4","25994.2","24461.5"
"M896.64T385.8","896.64","385.8","4650.1","4497.7","4629.6","4763.6","4511.2","4042.9","5253.7","3199.3"
"M894.62T357","894.62","357","6295.1","5869.3","7087.3","7083.3","3718.6","7015.4","8597.5","7605.4"
"M892.61T344.4","892.61","344.4","4936.9","4300","5701.2","5422.8","2667.2","2759.9","6008.2","5956.6"
"M890.58T308.4","890.58","308.4","25593.2","22863.2","26440.1","30375.2","31534.3","31439","31920","31734.8"
"M778.59T373.8","778.59","373.8","17608.1","16801.9","16796.4","14830.3","17883.9","17573.1","18876.9","17818.8"
"M776.57T366","776.57","366","11940.2","10195.9","5196.7","3380.9","14287.1","18653.6","14427.8","10751.4"
"M804.61T378","804.61","378","10404.2","10171.2","10072.5","9902.4","12128.5","12111.3","12242","12108.7"
"M802.59T372","802.59","372","4707.3","1435.2","2148.8","1832.9","5539.8","1151.4","1664.1","4374.9"
"M830.63T382.2","830.63","382.2","1694.3","1821.1","1719.9","1456","2128.2","1770.5","1916","1812"
"M826.59T339","826.59","339","5454.1","4989.1","5869.9","5498.7","2567","2187.1","2859.1","2675.1"
"M824.58T331.8","824.58","331.8","4223.4","4081.4","4227.5","3984.7","4125.7","1753.1","2009.1","2184.5"
"M852.61T342","852.61","342","4888.5","4448.3","4837.1","4440.3","4693.9","2719.4","4782.2","2873"
"M716.52T360","716.52","360","351353.6","369762","342164.7","346819.2","365574.4","364852.5","358746.8","378112.2"
"M714.51T330","714.51","330","40620.2","52653.5","46479.1","52831.9","53920.6","62676.9","59013.6","63328.4"
"M744.55T352.8","744.55","352.8","48253.4","37487.5","44490.8","35689.9","46571","37324.6","38814","34051.2"
"M740.52T334.2","740.52","334.2","88564.8","103569.6","91846.9","99536.3","107879.2","110686.6","117327.6","128790.4"
"M738.51T322.2","738.51","322.2","99866.3","87873.1","108866.5","98123.2","108632.6","111440.2","119526.5","114577.1"
"M766.54T363.6","766.54","363.6","646616.6","657869.9","651708.6","650003.2","729940.2","758278.6","771919.5","776741.4"
"M762.51T311.4","762.51","311.4","1062369.7","871526.5","984644.6","895271.9","1169153","1067294.6","1156445.5","1095062.3"
"M700.53T381.6","700.53","381.6","104647.5","100554.6","84335.4","85459.9","87651.6","71257.3","71388.1","71497.3"
"M698.51T349.8","698.51","349.8","106350.6","107819.2","84586.2","84700.6","72338.4","72476.7","62303.6","61190.2"
"M728.56T422.4","728.56","422.4","41967.9","40586.1","34825","34043.7","24357.2","24519.1","22076.2","22119.6"
"M726.54T390.6","726.54","390.6","42157.9","38822.9","33158.5","33376.5","24500.5","19959.8","21985.5","22246.9"
"M722.51T341.4","722.51","341.4","752634.7","747564.1","704620.2","706117.8","544461.7","547623.8","542600.3","536010.9"
"M720.5T314.4","720.5","314.4","180536.7","201240.4","171016.9","180230.8","116550.4","124653.6","116051.5","108591.6"
"M752.56T402","752.56","402","11391.3","2373.4","11281.5","11327.1","3156.7","1884.7","2508.1","2927.4"
"M750.54T382.8","750.54","382.8","485128.9","468121.9","438592.3","432849","259577.3","263313.4","266666","263720.2"
"M748.53T345","748.53","345","613681.5","573020.2","595390.3","563753.7","686934.3","598905.4","674115.8","617281.9"
"M746.51T330","746.51","330","402351.7","528797.6","426316.6","504083.2","411691.3","458887.4","428982.9","477944.8"
"M778.58T424.2","778.58","424.2","33130.4","31828.2","31561.2","30440.4","20199.8","19948.2","20317.8","20517.1"
"M776.56T384","776.56","384","148079.3","141339.3","143441.5","142579.3","92913.6","95866.1","103619.7","106272.8"
"M774.54T370.2","774.54","370.2","292249.1","275166","259968.9","262791.2","163688.3","161946.5","169320.7","174575.4"
"M772.53T333","772.53","333","110285.5","121754.4","105991","118258.4","166024.5","155645.6","155452.8","166686.6"
"M885.55T307.8","885.55","307.8","34914.5","23488.6","27663","22327.2","27907.1","21626.1","24530.6","21092.1"
"M733.55T264","733.55","264","18995.4","18835","20908.6","20215.6","41187.1","41403.7","39348.8","38908.6"
"M759.56T270.6","759.56","270.6","15934","16088.1","19726.3","19574.3","23152.3","24456.9","28739.8","29161.5"
"M817.64T388.8","817.64","388.8",NA,"2169","2980.6","2768.1","3896.1","3580","3676.8","3334.7"
"M857.67T408","857.67","408","3831.1","2110.1","4237.6","4020.4","9235.6","9744.8","9392.5","9179"
"M871.69T429","871.69","429","47799.5","45325.2","48216.5","46409.6","108991.5","112065","109693.5","106361.9"
"M697.61T502.8","697.61","502.8","4168.9","4919.8","5614.5","6827.9","6295.7","7413.1","8863.7","7280.2"
"M711.63T521.4","711.63","521.4","25042.5","33932.6","32038.9","36291.1","43240.5","54965.8","52185.3","55935.9"
"M709.61T480","709.61","480","11557.5","15722.1","15237.9","17520.7","24432","29263.5","26973","28000.9"
"M478.29T106.8","478.29","106.8","749.5","907.7","784.8","684.2","1340.6","633.6","966.9","922.2"
"M436.28T112.2","436.28","112.2","4952.7","4834.2","6258.2","6031.1","5225.3","3872.2","4994.7","4352.9"
"M687.54T303","687.54","303","19524.1","16862.7","19564.9","16021.9","32092.4","29554.2","28667","25553.7"
"M737.54T303","737.54","303","137941.6","144741.2","137712.7","134707.3","233086.9","249086","223728.8","213456.2"
"M758.58T318","758.58","318","366563.7","381550.9","289240.2","269220.7","341332.7","383464.2","221292.3","199643.2"
"M746.51T316.8","746.51","316.8","41976.7","39233.5","41063.8","38616.2","55984.1","51446.5","52999.4","46119.4"
"M788.52T315.6","788.52","315.6","251190.8","261805.8","273874.2","271908.4","415510.1","405104.8","424804.7","411281.7"
"M736.53T360","736.53","360","64769.8","63902.6","57531","57826.9","12289.6","47136","47330.2","46494.3"
"M822.59T393","822.59","393","13721.6","12764.2","13710.7","12549","16079.2","17742.4","17054.1","14353.4"
"M744.56T402.6","744.56","402.6","336675.8","329260.5","320710.1","322392.9","321868.5","332577.5","327614.7","344371.1"
"M802.57T411.6","802.57","411.6","13741.8","13013.2","13138","12593.7","11579.3","9895.3","10995.7","10463.3"
"M704.62T446.4","704.62","446.4","84948.4","101757.9","117303.9","137739.8","144490.5","154406","177554.1","194707.2"
"M690.6T446.4","690.6","446.4","11766","10500.1","15072.8","15185.8","16373.4","12688.4","18207.2","18145.1"
"M700.6T460.2","700.6","460.2","3018.3","3606.2","3118","4500.1","1585.3","2200.1","4083.9","5577"
"M469.1T45","469.1","45","262.2","359.3","980042.7","1015769.7","777.5","927.2","1251950","1195560.3"
"M305.25T145.2","305.25","145.2","5956.5","5464.4","7688.6","6894.8","4546.8","3325.4","3793.8","5690.4"
"M747.52T307.8","747.52","307.8","85843","52465.3","66931.2","39259.3","101950.1","69268.4","71757","57926.1"
"M1192.79T414.6","1192.79","414.6","34297.8","33254.9","35740.7","32706.5","32073.3","30796.7","29796.3","27736"
"M1194.81T456","1194.81","456","110831.8","105240.5","105364.8","104782.2","51231.9","51589.7","50752.8","45479.5"
"M740.64T431.4","740.64","431.4","1994.3","4378","2115.6","2380.5","6772.6","3795.5","1773.9","3355.5"
"M650.57T406.8","650.57","406.8","3151.1","2389.5","3774.7","2853","4854.9","3381.8","4160.3","2464.5"
"M840.6T430.2","840.6","430.2","2219.5","1493.2","1985.5","1708.8","1600.6","2211.6","2232.3","1886"
"M692.62T462","692.62","462","28074.8","34064.7","36371.5","45986.2","33316.2","32643.9","41448.6","45708.6"
"M886.7T472.2","886.7","472.2","3227.6","5627.9","3078.4","5278.1","10724.5","10633","9775.7","9718.2"
"M627.52T433.2","627.52","433.2","5666.2","7516.5","5761.1","6825.2","6567.1","9044.8","6532.3","7488.5"
"M846.55T307.2","846.55","307.2","85877.3","42530.8","65249.1","40779.6","59998.2","37451.9","50860.2","37772.3"
"M1032.75T465.6","1032.75","465.6","69292.3","71275.6","62698.2","66972.7","54823.6","64605","60704","64508.6"
"M365.25T163.8","365.25","163.8","19855.7","21156.1","23244.6","23300.8","19589.7","19651.7","18711","20098.2"
"M422.3T168","422.3","168","702.9","871.6","794","547.6","976.6","1138.4","668.5","629.4"
"M770.53T348","770.53","348","38688.4","35489.5","33486.8","34212.5","38457.8","44766.7","36807.2","38421.5"
"M598.5T363","598.5","363","7815.3","8334.9","8301.8","8478.5","8067.5","8153.7","6532.3","6650.8"
"M662.55T389.4","662.55","389.4","377.4","488.6","247.2","459.1","1372.3","645.1","801","484.8"
"M651.47T393.6","651.47","393.6","11534.6","13733.7","13142.6","13597.7","17347.4","18484.4","19744.8","23526.6"
"M842.63T407.4","842.63","407.4","34958.5","40518.6","36535.7","41941.7","42318.4","47951.8","39666.3","43572.7"
"M786.52T422.4","786.52","422.4","2090.2","2488.4","2105.4","1852.6","2488.4","1555","2478.2","3180.8"
"M614.53T422.4","614.53","422.4","2082.3","2854.3","2553.6","3054.8","3236.6","3688.5","3350.9","3317.3"
"M834.62T430.8","834.62","430.8","5260.6","3031.1","3311.7","4508.1","11285.1","9892.4","9497.6","5130.4"
"M821.63T430.8","821.63","430.8","26453.5","23692","26493.6","23538.4","37400.1","34272.6","38776.9","38129.9"
"M690.58T432","690.58","432","2158.8","2170.9","1808.5","1958","3166.9","2308.6","2147.6","1987.8"
"M629.49T435.6","629.49","435.6","24574.5","30048","18096.8","20912.3","30245.8","34988.6","26051.5","28272.8"
"M679.51T436.2","679.51","436.2","25931.8","31207.6","28754","31208.6","35871.8","38332.8","32995.6","41164.9"
"M849.66T471.6","849.66","471.6","71514.4","67105.8","70946.6","69912.3","79685.5","75858.5","84771.4","82581.9"
"M718.61T472.8","718.61","472.8","6040.9","7083.1","2256.7","4451","7896.3","7813.8","2022.2","5030.9"
"M657.52T475.2","657.52","475.2","9982","12870.6","7314.1","5855.1","10969.3","7907.8","8018.5","7074.3"
"M614.56T478.8","614.56","478.8","1477","1449.5","648.3","1057.6","1133.8","1112.3","785.5","764.8"
"M711.58T514.2","711.58","514.2","338.7","248.1","237.9","263.5","1043.8","1229.5","281.7","518.4"
"M698.62T540","698.62","540","15767.8","18721.9","21778.3","25433","24529.7","26144.9","33270.1","31484.9"
"M670.63T555.6","670.63","555.6","80682.7","92132.3","44230.7","47167.9","18576.4","23594.8","13916.9","14296.7"
"M712.64T557.4","712.64","557.4","22194","22824.2","33652.8","39868.5","40379.3","51042.9","59557.9","77033.8"
"M184.04T673.2","184.04","673.2","1314.3","1733.7","1301.3","1365.8","1887.2","2422.8","1647.4","2081.6"
"M776.53T309","776.53","309","83815.3","69571.4","72348.3","67410.3","70299.1","64539.9","73324.4","69578.9"
"M824.66T430.8","824.66","430.8","634.3","618.8","539.5","608.3","1166.8","1025.5","1032.6","1073.8"
"M618.58T446.4","618.58","446.4","2628.5","2824.9","2794.3","7169.1","2324.7","2223.2","2560.6","2492.3"
"M431.04T38.4","431.04","38.4","133.7","105.5","26983.3","32939.7","107.8",NA,"47165.5","44466"
"M445.06T64.8","445.06","64.8","101.2","119.8","46843.4","53219.6","128.1","151.9","59357.4","64666"
"M1058.64T294.6","1058.64","294.6","14221.3","17779.9","13994.7","15464.5","8222.2","9389","7277.2","6744.5"
"M1006.7T424.8","1006.7","424.8","11955.1","14361","12037.8","13741.5","16077.9","18995","18121.3","20493.9"
"M875.56T307.2","875.56","307.2","21964.4","14749.8","16421.1","12331.9","15337.2","12792.6","14448.1","10838.2"
"M477.36T205.8","477.36","205.8","3805.6","3897","3162.3","2890.5","4452.9","4962.8","3319.9","3494.3"
"M847.57T306.6","847.57","306.6","3057.8","2784.9","3139.2","2267","2752.2","2877","3208.8","3223.6"
"M689.53T435.6","689.53","435.6","3903.2","3598.6","4191.5","3527.4","5005.9","2564.6","4092.2","4613.2"
"M392.29T674.4","392.29","674.4","2896","32630.4","5034.4","4925.3","46430.2","7776.2","31543.9","26673.8"
"M391.29T675","391.29","675","133696.1","129601.7","125242.4","109122.4","192031.6","170500.9","119443","105191"
"M433.04T38.4","433.04","38.4","106.4","121.7","12159.5","13478.9","119.2","133.1","19509.6","18146.2"
"M447.05T45","447.05","45","88",NA,"186087.8","202118.5","301.8","269","248418.2","242731.1"
"M546.45T313.8","546.45","313.8","4170.7","7382.5","6872.4","6993.1","4895.5","7744.4","4997.1","7504.7"
"M560.46T335.4","560.46","335.4","5499","6569.8","5058.4","7213.7","4875.2","6063.6","5934.2","4740.5"
"M572.46T319.8","572.46","319.8","5607.2","5856.9","4813.1","3998.1","5303.9","7904.9","7413.3","7445.7"
"M574.48T357.6","574.48","357.6","73097","85342.9","74123.6","62996","116189","132185.4","109752","100898.3"
"M597.53T378","597.53","378","26225.7","27051","25766","26972","28244.4","33993.4","23197.2","44947.3"
"M596.53T378","596.53","378","105363.6","103218.8","107319.9","98588.6","143800.5","147970.7","126215.2","119355.7"
"M611.54T399.6","611.54","399.6","4986.1","4467.3","3467.6","2755.6","5164.4","3221.3","2074.8","3228.2"
"M610.54T400.2","610.54","400.2","11838.1","10681.6","10765.1","10764.3","12380.9","11132","9571.6","9197.5"
"M629.54T442.2","629.54","442.2","4104.7","5241","2233.6","6085.6","9437.2","9176.4","4028.9","8025.4"
"M631.49T435","631.49","435","3844.3","5584.1","5413.4","5817.6","8455.6","10488.3","7271.2","5618.7"
"M671.59T503.4","671.59","503.4","5812.2","15079.6","9167.8","18046.8","7409.2","6493.2","15199","11629.6"
"M671.63T555","671.63","555","17630.1","24124.5","11155.2","7094","2238.5","7212.1","2244.3","4197.8"
"M679.6T446.4","679.6","446.4","3476.6","3256.4","3510","961.1","3392.6","3144.6","3821.2","3275.6"
"M685.59T480.6","685.59","480.6","8746","28723","29587.7","35723.9","41410.4","26957.8","14257.1","38436.5"
"M686.59T481.2","686.59","481.2","5360.9","7258.9","3255.4","2543","9216.5","11918.9","10795.2","11618.1"
"M695.64T522","695.64","522","10815.9","7400.5","13375.9","24609.4","10947.7","19311.8","24158.1","22263.1"
"M694.63T522","694.63","522","48482.1","37677.6","56627.2","50911.5","41812.4","36743.2","49011.1","45426.3"
"M698.61T501.6","698.61","501.6","4823.4","2870.5","4032.9","3209.4","5139","9206.8","7118.4","12355.1"
"M696.61T501","696.61","501","8716.1","10812.8","12011.9","15518.1","15840.7","18882.2","21617.8","24673.2"
"M712.63T520.2","712.63","520.2","12475.9","16893.1","16707","18702.5","25001.5","14633.9","31017.5","33657.8"
"M715.51T330","715.51","330","16785.6","22454.5","9984.9","22179.8","22841.6","15689.8","24912.6","10605.6"
"M730.57T423.6","730.57","423.6","2243.2","1770.8","4131.6","4665.3","1365.9","1183.2","1008.7","1586.3"
"M737.53T354","737.53","354","24080.9","25654.8","12747","32077.7","16458.4","19096.3","14840.8","21309.6"
"M736.53T354.6","736.53","354.6","83292.8","83442.9","70227.2","71003.8","82611.5","85778.4","74347.5","68805.9"
"M744.5T306.6","744.5","306.6","11544.3","8671.4","8807.2","8165","10719.4","8175.4","9281.5","8716.2"
"M751.55T407.4","751.55","407.4","4929","7310.2","4380.6","4948.5","1513","2029.4","2086.7","1426.7"
"M750.53T407.4","750.53","407.4","1033.6","1727","1277.3","917.3","1452.2","895.4","1666.5","691.9"
"M755.58T409.2","755.58","409.2",NA,"1149.1",NA,NA,NA,NA,NA,"1058.7"
"M757.59T461.4","757.59","461.4","6532.7","6813.1","6041.5","6002.5","1750.2","1246.9","1476.7","1926.5"
"M763.57T301.8","763.57","301.8","13808.7","15934.1","11728.8","16382.7","28186.1","24527.7","20173.4","23159.8"
"M762.58T301.2","762.58","301.2","62233.6","24644.4","60051.4","18569.4","37003.1","105835.1","100141.1","50767.3"
"M794.55T352.2","794.55","352.2","38991.9","40731.5","37136","38207.1","55901.6","60032.7","54942.9","52877.8"
"M795.6T502.8","795.6","502.8","12768.9","10070.5","5532.4","11247.6","11041.6","4160","3035.7","11120.5"
"M794.6T503.4","794.6","503.4","15104.5","10899.3","16857.3","13877.2","13075.9","10110.8","14275","11951.3"
"M803.58T332.4","803.58","332.4","2150","2553",NA,"2124.1",NA,"1712.6",NA,NA
"M815.56T330","815.56","330","1306.4","907.7","721.2","497.5","725.5","986.5","823.7","1316.7"
"M817.58T321.6","817.58","321.6","63777.5","22504.8","61664.4","23897.5","66110","27848.8","35336.5","61127.7"
"M823.59T393.6","823.59","393.6","5696.9","5527.1","5630.2","5367.4","5676.8","6577.1","1391.9","5623.3"
"M827.58T307.2","827.58","307.2","4142.5","3981.6","3983.1","5119.1","16606.8","3091.1","3275.7","5094.6"
"M829.66T444","829.66","444","8622","8028.8","5705.8","4513.5","2716.6","1909.3","2689.5","2450.7"
"M828.66T444","828.66","444","15635.8","15256.4","15436.2","15178.7","7997.7","7683.6","7120.8","6936.6"
"M832.64T421.8","832.64","421.8","11341.1","5172.6","11135.8","12284.6","10139.8","11538.5","3254.2","9597.8"
"M833.64T463.8","833.64","463.8","23052.6","11494.3","13022.7","9833.6","9300.2","17375","8528.2","16035.7"
"M844.58T302.4","844.58","302.4","2925","3035.9","2954.8","2975.4","4668.5","4994.7","2751.6","4406.1"
"M843.58T303","843.58","303","5594","6112.6","5571.1","5533.6","8383.3","9433.9","8227.4","8528.7"
"M848.45T288.6","848.45","288.6","7893.6","3135.7","5067.6","3073.6","8530.4","5783","4778.6","4967.3"
"M847.44T288.6","847.44","288.6","13313.4","6008.1","9576.4","5449.6","18037.4","10272.8","13854.8","8617.8"
"M849.64T429.6","849.64","429.6","6245","5708.7","5916.1","2794","11271.1","11390.9","3646.9","10160.2"
"M850.66T471","850.66","471","6734.1","6927.2","6747.9","3333.5","7588.1","8472","3479.8","6592.9"
"M855.61T342.6","855.61","342.6","1078.5","809.8","1195.2","992.4","1655.1","1411.8","1646.2","1537.7"
"M857.69T483","857.69","483","7181.9","13863.9","11947.4","10840.2","5586.7","9687","4887.3","4701.1"
"M856.69T483","856.69","483","26855.5","24662.5","22037.4","18455","17105.2","17244.8","13539.6","13358.3"
"M870.68T392.4","870.68","392.4","1692.5","3607.1","3791.3","3683.7","9287.6","5923.3","9581.1","5542.3"
"M869.67T393.6","869.67","393.6","6293.4","5929.2","6669.5","6595.6","16832.5","17351.8","17036.2","16441.9"
"M887.57T309","887.57","309","480258","597896.6","401542","500111","484414.1","398011.3","330621.8","348751.7"
"M899.57T306","899.57","306","33333.6","12583.6","22378.6","12758","39275.9","25068.7","29354.6","24778.5"
"M973.74T466.2","973.74","466.2","17496.4","8958.4","8982.4","9854.1","8266.6","8383.7","10094.4","18342.9"
"M1196.81T455.4","1196.81","455.4","7349","7437.6","4503.2","6867.2","4785.2","4688","4717.7","4417.7"
"M847.66T429.6","847.66","429.6","9188.5","8873.8","8961.2","8895.7","17839.5","17204.3","17443.2","16828.3"
"M847.66T430.8","847.66","430.8","7616.5","4110.9","4701.5","4307.2","13149.4","10491.2","11091.2","11541.7"
"M707.59T447.6","707.59","447.6","5630.1","6937.7","7411.9","8550.9","10701.7","13799.3","13506.2","13794.5"
"M599.52T355.8","599.52","355.8","7724.7","8990.7","8975.1","9308.4","12493.8","13346.6","12339.9","10782.7"
"M1009.72T464.4","1009.72","464.4","18247.6","17160.2","15893.6","18397","12421.5","14388","15856.7","16979.9"
"M801.57T301.8","801.57","301.8","5081.2","4538.6","6316.3","2867.3","13390.4","1857.3","2241.9","2778.1"
"M683.59T484.8","683.59","484.8","55883","68231.2","57655.5","93555.2","88304.7","142342.5","146952","152137.7"
"M429.08T36.6","429.08","36.6","7344.6","7355.9","4277.3","4938.7","9722.6","8730.9","6728","6322.2"
"M395.06T38.4","395.06","38.4","97.6","127.4","8789.7","10827.7","124.3","157.7","15269.4","14634.5"
"M555.05T38.4","555.05","38.4","85.3",NA,"16415.6","10081","133.2","101.3","20142.3","12823.7"
"M509.06T38.4","509.06","38.4","58.9","98.9","3794","3452.3","144.6","143.2","5620.2","6645"
"M458.06T38.4","458.06","38.4","86.2","116","6885.3","10611.6","182.6","147.5","14377.7","27422.4"
"M61.99T45","61.99","45","541.9","1049.3","8424.5","11672.7","1164.3","1541.9","13452.5","25023.8"
"M308.03T45","308.03","45","119.6","137.8","41437.3","41309.2","161.1","156.2","50921.1","49125.4"
"M412.08T45","412.08","45","80.1","104.6","10161","10315.9",NA,"185.1","12263.5","11559.1"
"M455.09T45","455.09","45","71.3",NA,"53491.7","47149.2",NA,"175","62097.1","55761.2"
"M472.07T45","472.07","45","164.5","148.3","46255.9","63273.8","200.4","232.9","77630.3","144103"
"M523.07T45","523.07","45","129.3","93.1","17722.3","15666.4","106.5","154.8","23734.4","24124.8"
"M569.06T45","569.06","45","75.7","87.4","35357.1","21231.2","137","196.7","36847.8","23160.9"
"M421.23T49.8","421.23","49.8","2195.7","4982.5","5453.1","8600.9","3902.5","17589","4412.1","6796.6"
"M319.23T49.8","319.23","49.8","3616.5","3431.3","6286.8","5549.6","1917.6","2260.8","2226.4","2826.7"
"M293.18T49.8","293.18","49.8","2969.9","4695.4","4862.9","9364.6","9118.9","13186","6590.8","10375.4"
"M500.28T72.6","500.28","72.6","2605.7","3290.6","6590.2","7243.2","2135.8","1838.5","5326.6","6503.9"
"M528.27T82.8","528.27","82.8","3208.3","6591.7","4777.1","3339.8","7274.8","3131.6","2740.9","2817.4"
"M599.32T92.4","599.32","92.4","2801","1880.1","3025.8","2441.2","2589.8","1570.9","1598.4","2024.9"
"M506.29T114","506.29","114","635.1","967.6","416.8","596.7","1505.4","762.3","569.4","695.4"
"M462.3T121.8","462.3","121.8","942.2","850.7","975.7","1269.3","1803.5","1528.9","1134.1","1102.7"
"M679.03T130.2","679.03","130.2","65.1",NA,"5537.9","7200.3","134.4","173.6","6506","8402.6"
"M329.25T132","329.25","132","29573.8","24500.9","34380.4","32606.5","35487.5","30939.9","31860.3","36429"
"M279.23T135","279.23","135","3966.6","4280.1","4739.3","3836.4","3492.8","4810.9","3569.3","3569.5"
"M480.31T148.8","480.31","148.8","5700.5","5353.2","6729.5","6258","6318.5","5730.9","5911.5","6365"
"M506.33T157.8","506.33","157.8",NA,"217.7",NA,NA,"303.1","270.5",NA,NA
"M331.26T165","331.26","165","35031.5","29661.1","45249.8","42603.5","55391.8","45433.5","50411.3","58325.3"
"M363.25T166.8","363.25","166.8","6632.9","6683.9","7155.5","6613.5","5566.4","3770.9","4612.7","4836.5"
"M377.25T166.8","377.25","166.8","3262.8","3492.1","3427.9","3427.3","4017.9","3292.2",NA,"2875.3"
"M613.52T167.4","613.52","167.4","1777","1726.1","2251.1","1835.6","1740.1","1712.6","1507.7","1622.2"
"M379.23T167.4","379.23","167.4","1960","2587.2","2713.2","2064.3","2504.8","2437.3","1837.2","1829.3"
"M415.31T173.4","415.31","173.4","18958.4","17212.5","17340.5","14169.3","15551.6","13753","11195.1","12350.5"
"M465.3T178.2","465.3","178.2","11730.8","11396.4","12665.8","13106.4","18544.7","16670.5","18388.7","19000.1"
"M357.28T178.2","357.28","178.2","2859","2697.5","3653.8","3455.9","7803.7","7449.3","7406.1","8075.1"
"M295.26T189","295.26","189","8614","7601.1","10055.9","8407.1","8804.3","7975.8","7089.7","7321.9"
"M577.34T192","577.34","192","881.5","972.4","2133.1","2460.9","815.5","799.9","1027.8","1478.7"
"M333.28T193.2","333.28","193.2","2613.6","2037.9","3646.5","2403.7","3284.8","2859.7","2767.1","3596.2"
"M321.28T196.8","321.28","196.8","1916.9","1675.7","2114.7","1860.6","1632.3","2033.7","1530.4","1337.6"
"M359.29T200.4","359.29","200.4","13705.7","12536.1","17039.9","16695.4","46516.4","42756.1","42062.2","44298.2"
"M641.55T204","641.55","204","738.1","750.9","884.4","962","962.6","896.8","728.2","907.1"
"M406.31T204","406.31","204","904.3","1062.7","951.7","1185.3","938.5","792.7","870.3","637.5"
"M335.3T213","335.3","213","1544.8","1291.7","2100.8","1977.6","2626.6","1721.3","2369.6","2146.4"
"M867.52T220.2","867.52","220.2","13696.1","11892.6","17233.6","16179.1","22112.3","17933.3","26145.8","26271.1"
"M583.38T228.6","583.38","228.6","11509.1","13997.9","7592.7","9848.8","9541.2","11046.7","6914.3","6973.6"
"M869.53T235.2","869.53","235.2","5551.8","4678.3","6783.9","6983.3","11504.5","9666.7","13226.9","13804.9"
"M337.31T239.4","337.31","239.4","5748","5965.3","5992.6","5506.8","7146.7","6410.7","6620.6","5895.2"
"M1151.7T241.2","1151.7","241.2","6340","5707.7","4663.7","4677.9","11707.4","10622.9","8672.7","8337.8"
"M845.53T244.2","845.53","244.2","3651.6","3200.3","4376.9","3981.1","4265.2","2016.4","4459.9","4627.1"
"M363.33T246.6","363.33","246.6","2135.9","2635.7","2240.1","1993.7","4550.6","3963.3","4379.9","4337.8"
"M881.52T246.6","881.52","246.6","10425.3","10825.2","13564","12808.9","9337","10854.3","12356.6","12497.4"
"M857.52T253.8","857.52","253.8","98982.2","104124.7","120265.1","118856","78848.5","83017.1","90075.3","87151.2"
"M491.36T256.2","491.36","256.2","8519.9","8355.8","9180.7","8065","11604.7","11524","11146.1","9825.8"
"M965.53T256.8","965.53","256.8","4900.8","5081.3","5182.9","4968.2","6181.6","6192.3","5554.6","5521.5"
"M833.52T258","833.52","258","9872","10745.3","12544.1","12908.1","10978.2","11995.6","14093.5","13861.6"
"M248.97T261","248.97","261","93683.8","131356.3","14500.1","120860.4","142881","199012.2","142155.5","160849.2"
"M867.54T261","867.54","261","648.3","772.8","938.8","833.4","761","779.6","808.2","1078.4"
"M847.55T264.6","847.55","264.6","922.8","1318.3","1860.1","2285.8","1571.4","2788.8","1756","2322.2"
"M883.53T264.6","883.53","264.6","16581.5","12813.6","16389.7","14515","17183.8","21289.1","19855.8","17335.1"
"M871.53T270","871.53","270","18726.2","17853.1","19493.9","18786.4","20598","20377.8","20773.8","20342.3"
"M799.55T276.6","799.55","276.6","2804.5","2512.2","2507.5","5483.5","2939.9","2016.4","1354.9","1578.2"
"M859.53T276.6","859.53","276.6","5733.9","5768.5","2419","5405.8","2277.8","2652.8","1575.8","1840.9"
"M823.55T276.6","823.55","276.6","1284.4","1294.6","1160.2","1380","1261.9","1215","1198.5","1299.4"
"M809.52T277.8","809.52","277.8","528.7","826","723.9","795.9","606.2","749.3","1851.5","841.2"
"M339.33T278.4","339.33","278.4","9689.9","9216.9","7550.2","11405.7","9498.1","10602.6","8528.2","56546.9"
"M365.34T279.6","365.34","279.6","14878.4","14785.9","16991","16271.1","23539.1","22900.5","19107.3","19834.4"
"M542.43T280.8","542.43","280.8","1494.6","1548.4","1136.2","1786.5","1509.2","1604.1","1430.1","1514.6"
"M463.33T281.4","463.33","281.4","11273.4","12684.3","12212.1","12442.7","17580.8","19729.8","16865.5","16312.3"
"M505.37T281.4","505.37","281.4","22055.9","25416.2","23006.7","23186.5","33098.1","38513.6","31404.3","30173.9"
"M835.53T283.2","835.53","283.2","43522.3","47238.6","47014","51697.5","42418.6","45273","51529.9","53919.2"
"M732.52T283.2","732.52","283.2","5902.8","3920.8","5733.5","4439.4","7012.3","7068.9","5588","4967.3"
"M967.55T285","967.55","285","8259.5","8533.5","8441.1","7883.7","11008.6","11414.1","10530.2","10079.2"
"M985.47T285.6","985.47","285.6","17085.6","9082","15732.2","8619.7","13803.9","7770.4","11889.9","8129.5"
"M885.55T285.6","885.55","285.6","1590874.1","1649230.8","1694790.8","1607927.2","2123359.2","2100148.7","2094812.4","1981344.1"
"M849.56T285.6","849.56","285.6","600.8","505.7","480.5","1195.1","1376.1","718.9","823.7","533.4"
"M825.56T288","825.56","288","903.5","871.6","616","1135.3","761","1628.7","693.6","1434.8"
"M829.52T289.8","829.52","289.8","5530.7","5331.3","4906.2","4973.5","11301.6","12025.9","9687.4","8725.4"
"M873.55T293.4","873.55","293.4","5906.3","6224.8","5685.5","5102.1","3730","3765.2","2139.2","2370.8"
"M876.6T294","876.6","294",NA,NA,NA,NA,NA,NA,NA,"710.4"
"M1022.66T294.6","1022.66","294.6","7251.4","7995.6","7360.3","7136.9","4664.7","5346.1","4314.3","4307.7"
"M851.58T294.6","851.58","294.6","829.6","1031.3","1001.5","1039.7","1182","1027","1072","1059.9"
"M764.54T295.2","764.54","295.2",NA,NA,"1684",NA,"1043.8","1270",NA,NA
"M491.36T297","491.36","297","8951.8","9109.5","9871.5","8347.2","14677.7","16265.5","13442.9","11938.6"
"M119.04T297","119.04","297","3166.9","28290.5","22626.7","2254.5","32645.3","46674.6","32021.5","36733.3"
"M505.37T297","505.37","297","24658.9","3772.5","27022","25333.8","39794.6","7410.3","35753.2","3070.8"
"M248.97T297","248.97","297","56883.3","85774.4","63844.5","78143.4","101403.4","149830.8","102918.9","21685.7"
"M837.55T299.4","837.55","299.4","12818.1","6877.8","20485.3","7821.1","10142.4","9399.1","9488","10220.3"
"M911.56T300.6","911.56","300.6","8725.8","6349.3","7385.2","5669.3","7992.7","6520.7","7249.7","5756.4"
"M821.55T301.2","821.55","301.2","1073.2","1212.8","1124.2","799.4","1684.3","1497.1","1525.6","1558.6"
"M861.55T302.4","861.55","302.4","17164.7","10181.7","3843.8","7786.3","13537.5","8924.7","8652.4","8130.7"
"M860.61T304.2","860.61","304.2","6253.8","5873.1","2000.3","5114.6","6110.5","7450.8","6023.7","6592.9"
"M248.97T306","248.97","306","59534.7","86352.3","68459.3","78516.8","96472.4","132380.7","96737.6","104774.4"
"M896.59T306","896.59","306","12602.6","14939.9","9231.4","12152.4","13727.8","16848.4","12627.6","13262.3"
"M391.29T306.6","391.29","306.6","44481.2","37504.6","41808","34351","61964","61288.3","55759.4","48947.3"
"M659.51T306.6","659.51","306.6","30104.3","23492.4","30414.9","26981.8","38859.9","34554.7","38620.6","35849.3"
"M670.48T306.6","670.48","306.6","6274.9","4474.9","4743","4154.4","5873.4","5080","4679.5","4610.9"
"M772.57T307.2","772.57","307.2","7953.4","6546","6876.1","5007.5","7914","6866.4","8704.9","8252.2"
"M770.51T307.2","770.51","307.2","28256.9","19129.6","21698","20001.2","38837","30074.9","33843.1","31974.3"
"M806.53T307.8","806.53","307.8","10039.2","6990.9","9640","8203.4","10657.3","9144.6","11239.3","10904.2"
"M851.58T307.8","851.58","307.8","8716.1","4402.7","5525","3915","5260.8","3872.2","3972.8","3525.6"
"M369.24T307.8","369.24","307.8","27531.1","34247.2","36942.4","31357.8","51806.4","61025","45583.8","38832.2"
"M702.53T307.8","702.53","307.8","6822.1","5789.5","6102.3","5538","5264.6","5299.9","5338.5","5108.4"
"M139.01T307.8","139.01","307.8","13536.8","14288.8","13458.9","12599.9","18429.3","22081.8","17143.6","16979.9"
"M686.48T307.8","686.48","307.8","15130","10952.5","12079.3","11569.1","17582.1","16375.5","16528.8","16394.4"
"M916.59T307.8","916.59","307.8","25648.6","31297.9","22924.6","28477.1","28378.9","40148.1","35672","35709.3"
"M732.5T308.4","732.5","308.4","105902","73653.7","82414.4","71872","101588.6","88850.7","93268.6","90130.6"
"M465.33T308.4","465.33","308.4","4353.6","4957.8","4142.6","4258.9","5378.7","3689.9","5158.2","4807.6"
"M116.93T308.4","116.93","308.4","9675.8","7123","8958.5","6922.5","12946.5","11405.4","9603.8","7629.7"
"M887.82T309","887.82","309",NA,NA,NA,NA,NA,NA,"2419.8",NA
"M969.57T309","969.57","309","571.8",NA,"462","480.6","839.6",NA,"619.6","519.5"
"M796.53T309","796.53","309","6125.4","4591.8","5159.8","4899.4","9311.7","7941.1","8556.9","8573.8"
"M987.49T309.6","987.49","309.6","189.1","234.8","235.2","167","284.1","257.5","195.8","222.2"
"M248.97T312","248.97","312","62991.9","88282.8","69673.9","82938.3","103923.5","141282.2","103772.5","111594.2"
"M554.48T315","554.48","315","1309","1724.2","2201.3","1753.4","2914.5","2729.5","2240.7","2516.6"
"M872.56T316.2","872.56","316.2","3151.1","5294.2","2398.7","2498.4","3751.5","6731.9","2835.2","5271.6"
"M863.57T317.4","863.57","317.4","40475.9","40118.4","45795.7","46236.3","51579.4","47117.2","59783.6","63409.4"
"M744.56T317.4","744.56","317.4","16678.3","10873.6","13707","10930.5","13117.7","12749.2","9092.9","7338.1"
"M858.54T318","858.54","318","6996.3","4823.8","4693.2","3203.1","7328.1","6462.8","2179.8","3349.7"
"M875.57T318.6","875.57","318.6","4188.3","2001.7","3064.5","1658.7","1410.3","2499.5","1140","510.3"
"M873.58T318.6","873.58","318.6","1690.8","1729.9","1217.3","1392.5","2211.9","2059.8",NA,"1824.7"
"M708.5T318.6","708.5","318.6","13794.6","10036.3","13331.6","9621.9","14556","11405.4","13482.3","11177.2"
"M763.58T318.6","763.58","318.6","7203","8373.8","6934.2","9103.8","19632.9","20586.1","23467","22759.4"
"M853.59T320.4","853.59","320.4","2743.8","4292.4","2345.2","3323.7","3359.7","2606.5","2711","2048"
"M580.49T321","580.49","321","1477.9","1257.5","1982.8","1472.9","2591.1","2340.4","1999.6","2022.5"
"M898.58T321","898.58","321","4362.4","4681.2","4300.3","4014.2","5495.4","5651.3","5157","5008.9"
"M393.37T324.6","393.37","324.6","5366.2","5835.1","6504.4","6361.6","18682.9","20447.3","16834.4","17664.9"
"M901.58T328.2","901.58","328.2","500.6","1153.9","1469.1","1435.4","1274.6","1362.6","1203.3","502.2"
"M828.55T329.4","828.55","329.4","5353.9","5641.2","5689.2","5235.2","6248.8","6190.9","5450.7","5482.2"
"M736.55T333","736.55","333","6412.1","13659.5","22204.3","23245.4","11174.7","13054.4","17951.8","18943.4"
"M792.57T334.8","792.57","334.8",NA,"1449.5","2059.3",NA,"2756",NA,"2270.5",NA
"M829.6T335.4","829.6","335.4",NA,"825","567.2","693.1","2336.2","620.5","1049.3",NA
"M506.38T335.4","506.38","335.4","12878.8","2289.7","3793.1","12688.3","19296.8","21909.6","18420.9","3849.6"
"M774.56T336","774.56","336","3007.7","2942.7","2358.1","2061.6","3678",NA,"2687.2","3529"
"M119.04T336.6","119.04","336.6","3691.2","26916.1","21788.4","24932.8","31966.8","44392.1","30004","33640.5"
"M865.58T336.6","865.58","336.6","1182.3","760.4","861.4","1028.1","943.6",NA,"551.5","673.4"
"M505.37T337.2","505.37","337.2","33158.6","34466.8","35523.1","31776.7","51716.3","55930.5","47788.7","42627.4"
"M248.97T337.2","248.97","337.2","53057.4","75614.6","58832.2","69090.5","88937.6","127108.3","87697.3","11792.8"
"M849.59T337.2","849.59","337.2","364.2","271.8","404.9","392.1","418.5","433.9","380.8","344.8"
"M588.48T337.2","588.48","337.2","1030.1","1183.4","1894.2","2991.4","1492.8","1395.8","1526.8","1507.7"
"M491.36T337.8","491.36","337.8","9463.8","9473.6","10600.9","8254.3","15790","16874.5","13365.4","11886.5"
"M896.48T340.2","896.48","340.2","4306.1","5318","5201.3","5427.3","6113.1","6961.8","6070.3","5662.7"
"M805.54T340.8","805.54","340.8","5563.2","6120.2","5423.6","5239.7","5465","5775.7","5636.9","5488"
"M776.58T343.8","776.58","343.8","3979.8","4109.9",NA,"3241.5",NA,"3258.9",NA,"3932.9"
"M685.66T344.4","685.66","344.4","5131.3","5957.7","5268.7","5182.5","7240.6","8308.5","6618.2","6712.1"
"M874.58T347.4","874.58","347.4","6004","6742.8","6179.8","5948","8077.6","9151.8","8081.8","8120.3"
"M915.6T348.6","915.6","348.6","521.7","505.7","446.4","563.6","1284.8","554","616","586.6"
"M769.54T349.2","769.54","349.2","6709.5","7392","6807.8","6881.5","8886.8","9684.1","8484.1","8583.1"
"M760.53T349.8","760.53","349.8","101786.7","100368.3","92100.5","91194.4","87399.2","90073","82687.1","82273"
"M786.54T350.4","786.54","350.4","6440.3","5949.1","5594.2","5405.8","9561.5","9410.7","8778.9","8202.4"
"M750.54T350.4","750.54","350.4","36351.9","35056.1","28340.8","35941.8","40196.6","43285.5","41443.8","50107.8"
"M768.54T351","768.54","351","23591","25824","25962.4","25344.5","30987.7","33497.3","30414.7","30751.3"
"M797.55T351.6","797.55","351.6","3222.3","3448.4","1280","1513.1","1948.1","2223.2","1306","3654"
"M710.51T351.6","710.51","351.6","1242.1","1272.7","1261.6","1493.5","1998.8","985","1122.1","678"
"M900.59T352.2","900.59","352.2","7400.9","8283.6","7721.8","7380.8","10676.3","12095.4","9675.4","9789.9"
"M793.56T354","793.56","354","83787.2","88493.8","84476.5","85239.2","140764.3","76108.8","77934.7","34849.6"
"M800.56T357","800.56","357","776.8","1053.1","1447.9","941.5","2205.5","2110.4","2480.6","1636.1"
"M582.51T357.6","582.51","357.6","53854.4","52056.6","61669.9","59920.6","71763.9","67104.5","64119.3","59417.5"
"M576.48T357.6","576.48","357.6","2943.5","3534.9","5866.3","5612.2","5661.6","6264.6","5543.8","4794.9"
"M926.61T358.2","926.61","358.2","4053.7","4301.9","3859.5","3975.8","5537.3","5505.3","4777.4","4562.3"
"M696.49T358.8","696.49","358.8","6686.6","3772.5","7033.8","4163.3","10610.4","7249.7","7911.1","5106.1"
"M778.59T360","778.59","360",NA,NA,NA,NA,NA,"1372.7","1469.5",NA
"M798.53T360.6","798.53","360.6","3795.9","4181.2","3875.2","3793.6","4951.3","5746.8","4655.7","4644.5"
"M281.25T362.4","281.25","362.4","759.2","1031.3","737.8","594","1179.5","1333.6","1307.2","1246.2"
"M600.5T363","600.5","363","1668.8","1342.1","1382.4","1288.9","1447.1","5444.5","1468.3","2130.2"
"M848.54T364.8","848.54","364.8","7850.5","8271.2","8502","7928.3","10364.3","11555.8","10266.3","10838.2"
"M824.54T366","824.54","366","4617.6","5118.4","4755","4674.3","6709.2","7810.9","6597.9","6311.8"
"M248.97T366","248.97","366","8557.7","9947.9","64790.7","75545.9","10204.5","11343.2","94327.4","100678.4"
"M800.56T371.4","800.56","371.4","5521.9","4913.1","4812.2","4426","5523.3","5697.6","5311","5295.9"
"M395.39T373.8","395.39","373.8","6239.7","7020.3","7387","7948.9","9990.2","12251.6","11331.2","13954.2"
"M248.97T375","248.97","375","62165.9","88824.6","69559.5","8818","103000.2","145322.2","100526.6","17064.4"
"M828.61T375.6","828.61","375.6","893.8","961.9","796.8","723.5","1301.2","830.3","858.3","985.8"
"M790.59T378","790.59","378","706.4","2483.6","2409.8","1988.3","2625.3","2200.1","2388.7","2169.5"
"M675.49T381","675.49","381","4292.9","5320.9","3182.6","3513.1","4583.5","6455.6","5012.6","5647.6"
"M782.53T381.6","782.53","381.6","1891.4","1834.5","1770.7","1924","3949.4","4280.1","3519.2","1735.6"
"M702.77T381.6","702.77","381.6","444.2","377.3",NA,"317.1","421.1","499","351","344.8"
"M738.54T382.2","738.54","382.2","941.3","921","1269","1125.5","1073","624.9","753.3","803"
"M832.55T382.2","832.55","382.2","11395.7","11981.9","11234.5","11270.8","8852.5","9714.5","9248.1","8881.6"
"M281.25T382.2","281.25","382.2","483.8","659.6","890.9","690.5","1229","938.8","589.7","987"
"M800.46T382.2","800.46","382.2","682.6","404.9","615.1","449.3","657","533.7","562.3","480.2"
"M808.55T385.8","808.55","385.8","1884.3","1594","1606.5","1391.7","2280.4","1570.9","1785.9","1674.3"
"M900.51T386.4","900.51","386.4",NA,"487.6","498.9","542.2","885.3",NA,NA,"425.8"
"M952.65T386.4","952.65","386.4","850.7","945.7","784.8","1049.5","1099.6","1134","1153.2","1006.6"
"M248.97T387","248.97","387","59968.4","91576.3","12308.9","83258.9","105658.5","157994.7","105550","117639.8"
"M966T387","966","387","23440.5","22065.7","24519.1","20481.8","35916.2","39854.5","31867.5","27403.9"
"M119.04T387.6","119.04","387.6","21302.8","29028.1","24348.5","27253.4","35186.9","46806.2","32826","3140.3"
"M902.61T389.4","902.61","389.4","4980.9","4736.3","4898.8","4665.3","6663.5","7229.4","6792.5","6508.5"
"M854.63T391.8","854.63","391.8","760.9","837.4","703.7","606.5","714","1108","896.5","829.6"
"M764.56T392.4","764.56","392.4","27930.5","25975.1","26356.2","25892.1","26429.5","25003.6","30803.8","30444.7"
"M876.57T392.4","876.57","392.4","3953.4","4026.3","4229.3","4120.5","5763","6112.8","5481.8","5220.7"
"M738.54T393","738.54","393","834.8","770.9","883.5","653","903","964.8","846.4","395.7"
"M677.49T394.8","677.49","394.8","9875.5","3146.1","9640","3681.9","11963.6","11473.4","12018.8","13403.4"
"M928.62T394.8","928.62","394.8","7307.7","7521.3","7501.4","7078.9","7936.8","8447.4","7921.8","7758.1"
"M701.53T396","701.53","396","7419.4","8110.6","6775.6","6416.1","3530.9","7701","7234.2","8159.6"
"M954.64T396.6","954.64","396.6","338.7","1152","956.3","647.6","726.7","470.1","1457.6","725.5"
"M582.54T396.6","582.54","396.6","17200.8","18457.6","7953.2","7613.9","5972.3","7076.1","4342.9","3984.9"
"M248.97T398.4","248.97","398.4","63013","89289.4","70692","84544.3","14242.7","158127.8","107183.1","120118.2"
"M627.5T398.4","627.5","398.4","5352.1","6001.4","4292.9","5116.4","6846.1","6766.6","5742","5239.2"
"M724.52T400.8","724.52","400.8","7415.9","4760.1","7143.5","5165.6","7727.6","5693.3","6187.3","4374.9"
"M603.51T400.8","603.51","400.8","3695.6","5698.2","3754.4","5572.9","3634.9","4271.4","3349.7","2390.5"
"M771.57T402","771.57","402","4346.6","2966.5","1443.3","3046.8","3869.5","3799.9","6595.5","5136.2"
"M802.52T402.6","802.52","402.6","1329.2","4350.4","4623.1","4148.2","6277.9","7041.4","6108.5","5942.7"
"M627.49T402.6","627.49","402.6","5352.1","6472.9","3384.6","4291.1","6506.2","8022.1","5665.6","6781.5"
"M918.52T403.2","918.52","403.2","4452.2","4699.2","4772.5","4646.6","3723.6","4000.9","3758","3871.5"
"M826.56T403.8","826.56","403.8","12848","13163.4","12971.1","12256","9129","17377.9","15700.3","15686.3"
"M653.5T406.2","653.5","406.2","4227.8","6100.3","1412.8","3526.5","5608.3","7243.9","2128.5","5580.5"
"M636.56T406.8","636.56","406.8","775","478.1","521.1","452.9","876.4","436.8","592.1","912.9"
"M248.97T408","248.97","408","76076.6","109825.7","8079.6","101089.6","131948.5","191327.1","130796.8","27111.2"
"M677.55T408","677.55","408","3071.9","3313.4","1833.4","2111.6","3174.5","3387.6","3121.7","3450.4"
"M966.63T408","966.63","408","6647","3992.1","6858.6","4484","8078.9","5558.8","6022.5","2475"
"M860.6T411.6","860.6","411.6","6254.7","6021.4","6118.9","6208","6002.7","6072.3","6391.4","6267.8"
"M678.56T413.4","678.56","413.4","4674.7","5842.7","6733.1","7181.6","9576.7","10674.9","10837","10931.9"
"M1142.73T416.4","1142.73","416.4","9805.2","8802.5","10633.2","9960.4","4499.8","4646.1","4779.8","4410.7"
"M996.67T417","996.67","417","335.2","409.7","304.3","318","568.2","551.1","505","484.8"
"M1106.75T417","1106.75","417","7027.9","6496.6","7303.1","6992.2","4294.4","2142.2","4110.1","3989.6"
"M966T417.6","966","417.6","35006","4896","2768.5","3227.2","50398.6","5871.2","45783.1","40182.5"
"M248.97T417.6","248.97","417.6","85087.4","10242.5","93513.3","12797.3","149222.4","17331.6","149074.5","163277.9"
"M574.61T420.6","574.61","420.6","42996.3","44469.8","40166.5","42610.7","45860.7","42177.5","42694.9","45054.9"
"M862.65T423","862.65","423","4380.9","5334.2","4337.2","5181.6","5142.8","5268","4168.6","4821.5"
"M704.56T424.8","704.56","424.8","3516.2","3994.9","3524.7","3798","8019.3","9228.5","9282.7","10392.7"
"M836.63T424.8","836.63","424.8","1638.9","2100.6","3307.1","3797.1","2782.6","2921.9","2902","3004.9"
"M970.72T425.4","970.72","425.4","6706","7593.5","6784.8","7053.8","11396.7","12592.9","11969.8","12337.8"
"M944.7T427.2","944.7","427.2","5311.6","5800.9","5097.1","5363.9","6213.3","6918.5","6824.7","7236.3"
"M731.58T428.4","731.58","428.4","1181.4","1047.4","1036.6","1042.4","1334.2","1530.4","1456.4","1573.6"
"M953.69T429","953.69","429","4938.6","4766.7","5120.2","4669.8","10530.5","11583.3","11026.8","10759.5"
"M927.68T430.8","927.68","430.8","827.8","1415.3","1199.8","1113","1702","1534.7","1614","1781.9"
"M798.64T432","798.64","432","760.9","1035.1",NA,NA,"1951.9","2074.2","1802.6","2043.4"
"M814.58T432","814.58","432","611.4","520.9","503.5","385","700.1","522.2","451.2","320.5"
"M700.6T432.6","700.6","432.6","308.8","290.9","202.9","253.7","484.5","347.2",NA,"320.5"
"M876.65T435","876.65","435","1517.5","1318.3","1482","660.1","1001.9","1892","613.6","2006.3"
"M681.51T436.8","681.51","436.8","7262.8","9575.3","8535.2","10152.5","11337.1","5823.5","10813.1","12835.3"
"M248.97T438","248.97","438","97216.7","16860.8","105224.6","123659.8","151406.3","212325.5","11367","163760.4"
"M679.56T439.8","679.56","439.8","4802.3","4442.6","3990.5","3980.2","5414.3","4456.6","4307.1","4351.7"
"M968.65T442.2","968.65","442.2","41840.4","24016.1","39205.5","23122.2","37613.2","30247.1","28895","19545.1"
"M854.66T442.2","854.66","442.2","15849.6","15527.3","14725.1","13696.8","13067","7026.9","10962.3","6856.8"
"M752.55T442.8","752.55","442.8","3459","833.6","3853","3103.1","6012.9","1818.2","4567.3","1759.9"
"M880.6T442.8","880.6","442.8","1061.8","1068.4","1052.3","965.6","1643.7","1631.6","1366.9","1249.6"
"M706.58T442.8","706.58","442.8","1080.3","1250.8","1249.6","919.1","1684.3","1941.2","1369.2","1846.7"
"M638.57T442.8","638.57","442.8","3102.7","1659.6","3361.5","3377.3","4950.1","2020.7","2209.7","2130.2"
"M942.63T444","942.63","444","41039.8","23214.9","40471.7","24387","19852.3","17348.9","17381.2","11653.9"
"M636.59T444","636.59","444","792.6","380.2","415","651.2","418.5","442.6","700.7","405"
"M664.59T447","664.59","447","2042.7","2146.2","3661.2","1853.5","1062.8","339.9","1320.3","995.1"
"M683.57T447.6","683.57","447.6","9742.7","12815.5","9029.5","15882.5","17442.5","9904","13579","23762.6"
"M804.58T448.2","804.58","448.2","32164.5","20707.5","41499.1","27174.8","50624.4","36508.8","49828.8","36083"
"M758.6T448.8","758.6","448.8","1042.4","1832.6","1754.1","1353.2","2788.9","2354.8","2313.5","1780.7"
"M248.97T450.6","248.97","450.6","101151.6","142298.4","109001.1","129258.5","161191.1","11094.4","159568.9","179536.9"
"M988.73T456.6","988.73","456.6","535.7","610.2","501.7","631.5","849.7","798.4","587.3","623.7"
"M1024.7T456.6","1024.7","456.6","915.8","849.7","925.9","889.7","1146.5","901.1","822.5","889.8"
"M248.97T460.2","248.97","460.2","12838.4","15491.1","107983.9","127423","7367.4","232580.3","7003.8","180543.6"
"M792.58T462","792.58","462","12787.3","8949.8","16722.7","11923.7","16188.2","11544.3","16282.9","12618.9"
"M674.57T462.6","674.57","462.6","1796.4","2112","1675.7","1971.4","1781.9","2043.9","1801.4","1194.1"
"M766.56T463.8","766.56","463.8","1048.6","601.7","1422.1","1294.3","1534.6","1410.3","1160.3","2072.3"
"M672.57T464.4","672.57","464.4","594.7","916.3","789.4","948.6","909.4","1051.6","1883.8","733.6"
"M694.59T466.8","694.59","466.8","1382","4273.4","5097.1","5870.3","5457.4","6658.1","9637.2","8364.4"
"M613.5T468","613.5","468","387.9","422","270.2","322.5","498.4","396.3","425","446.6"
"M692.62T469.8","692.62","469.8","1371.5","614","1642.5","1192.5","1501.6","1510.1","2066.4","953.4"
"M377.27T471.6","377.27","471.6","1305.5","1731.8","1905.3","1938.3","13230.6","13512.9","2188.2","10760.7"
"M955.71T471.6","955.71","471.6","8318.5","8165.7","8565.6","8268.6","10224.8","10692.3","10443","10166"
"M505.37T472.8","505.37","472.8","10378.7","11247.2","10139.8","3053.1","4884.1","3750.7","13269.9","12924.4"
"M391.29T472.8","391.29","472.8","3371.9","30422.4","3791.3","3763.2","42484.6","43890.2","39145.8","36697.4"
"M631.51T473.4","631.51","473.4","4356.3","6759","3734.1","4735.9","5477.7","7113.7","5417.3","5646.5"
"M682.6T473.4","682.6","473.4","11333.2","9658","28023.6","7773.8","19696.3","10536.1","39732","5181.3"
"M842.62T474","842.62","474","1227.2","915.3","1612","619","2917","1064.6","1027.8","528.8"
"M707.58T475.2","707.58","475.2","713.4","454.3","567.2","676.2","805.4","882.3","871.4","813.4"
"M248.97T477","248.97","477","108090.7","15721.2","118556.3","15007.2","168065.1","230811.3","166256.3","181936.7"
"M806.6T480","806.6","480","65226.3","44752.1","78789.1","55634","111129.8","84103.4","98127.2","72787.4"
"M786.63T480.6","786.63","480.6","4710.8","6003.3","5612.6","6710.8","7660.4","9804.2","8755","9203.3"
"M692.62T481.8","692.62","481.8","40171.6","33859.4","44856.9","41898.8","42993.2","36753.3","44154.8","43619"
"M760.61T483","760.61","483","1089.1","5919.7","5790.6","6214.2","4151.1","9293.6","7698.6","8039.3"
"M666.6T483.6","666.6","483.6","28322","24887.7","27609.5","27252.5","19092.6","18516.2","18546.3","18391.5"
"M690.64T483.6","690.64","483.6","8841.9","7987","6648.3","6203.5","4360.3","2538.5","4048","3982.6"
"M970.66T484.2","970.66","484.2","44282.4","29601.2","32450.2","20856","31080.3","29185.4","21942.5","16920.9"
"M660.58T484.2","660.58","484.2","1714.5","2528.3","2302.8","1933","2534","2395.3","2691.9","2130.2"
"M664.62T484.2","664.62","484.2","6650.5","5729.6","4876.7","4928","910.6","1083.4","1066","1177.9"
"M780.58T484.8","780.58","484.8","30025.1","20506.9","34848.9","24852.4","33922.5","25988.7","29725.9","22124.2"
"M734.59T484.8","734.59","484.8","1620.4","1838.3","2360.9","1185.3","2742","2657.2","2622.7","2542.1"
"M640.58T486","640.58","486","7104.5","8384.3","6034.1","6383","2262.6","2771.4","2215.6","1233.4"
"M832.61T487.2","832.61","487.2","1164.7","999.9","3649.2","1644.4","8847.5","6837.5","10046.7","8060.1"
"M709.61T489","709.61","489","3188","12625.4","7052.2","5289.7","11058.1","10385.6","14147.3","8951"
"M684.59T494.4","684.59","494.4","7249.6","8812","17857","19578.7","12369.5","14053.9","24148.6","24212.7"
"M682.6T498","682.6","498","4231.4","7094.5","11833","11921.1","9784.7","7123.9","13828.5","12844.6"
"M862.68T499.2","862.68","499.2","6038.3","6059.4","5733.5","5329","5978.6","2975.4","6072.7","5617.5"
"M820.61T500.4","820.61","500.4","6176.4","4541.5","8140.5","6750.1","9329.4","7217.9","10363","8830.7"
"M702.61T501.6","702.61","501.6","1101.4","2344.9","1980.9","3680.1","1543.5","1750.2","1992.4","2109.3"
"M680.62T502.8","680.62","502.8","3370.1","1714.7","3764.5","1526.5","1885.9","1210.7","2252.6","2102.4"
"M700.6T502.8","700.6","502.8","995.8","466.7","1121.4","497.5","2063.5","1261.3","1393.1","822.7"
"M642.59T517.2","642.59","517.2","7362.2","8748.3","3788.5","4354.5","1832.7","2686.1","1357.3","1339.9"
"M834.63T517.2","834.63","517.2","5633.6","4657.4","8288.9","7085.1","19832","15384.6","22476.1","18569.7"
"M734.67T519","734.67","519","1695.2","1671","5009.5","5543.4","11129.1","11097.3","14585.4","15251.3"
"M666.64T519.6","666.64","519.6","5506.9","6087.9","3096.8","3061.1","753.4","808.6","892.9","1209.1"
"M713.63T519.6","713.63","519.6","1692.5","4985.3","1330.8","6086.5","8380.7","3416.6","10727.1","5601.3"
"M710.64T520.2","710.64","520.2","19539.9","19535.5","24800.4","25968.9","36767.2","42547.8","48134.8","53530.4"
"M788.64T521.4","788.64","521.4","6566.1","8317.8","7918.2","8767.1","8115.7","9798.4","9590.7","9948.4"
"M806.62T522","806.62","522","5792.8","4408.4","6333.8","4854.7","6928.6","1239.6","6768.6","5172.1"
"M762.62T522","762.62","522","4524.3","4738.2","5522.3","5310.3","5763","6283.5","6263.7","6474.9"
"M808.61T522.6","808.61","522.6","119893.6","79407.1","132132.3","91920.6","138362.2","106610.4","131442.7","98240.5"
"M692.65T523.2","692.65","523.2","16791.7","15597.6","13282.8","12413.2","6970.4","6552.5","5700.2","5648.8"
"M668.61T525","668.61","525","21090","23937.2","16950.4","16727.5","8837.3","10565","8257.2","8161.9"
"M711.98T534.6","711.98","534.6","4879.7","4341.9","4987.4","4629.6","5249.4","5137.9","4837.1","4647.9"
"M711.48T534.6","711.48","534.6","5648.6","5333.2","4748.5","4976.2","5083.2","5456.1","5095","5165.1"
"M505.37T536.4","505.37","536.4","12799.7","12786","12664.9","2524.3","15314.4","15980.6","14585.4","13597.8"
"M377.27T536.4","377.27","536.4","12136.4","10693.1","2329.5","10204.3","14983.4","14029.3","13903.7","11855.3"
"M724.49T538.8","724.49","538.8","6901.3","6202","6917.6","6769.8","8500","8114.7","8118.8","8467.4"
"M724.99T538.8","724.99","538.8","5290.5","5171.6","5086.1","4758.2","5842.9","6040.4","5736","6100"
"M822.63T540","822.63","540","10037.4","8428","13117.7","10785.8","16206","14121.9","17968.5","14779.2"
"M505.37T550.2","505.37","550.2","3985.9","4592.8","3060.9","4491.2","4544.2","4379.9","5095","3505.9"
"M699.98T550.2","699.98","550.2","1376.7","448.6","909.3","738.7","957.5","1129.7","1246.3","1015.9"
"M699.48T550.2","699.48","550.2","1057.4","899.2","1713.5","987","1648.8","1651.9","1840.8","1235.7"
"M712.49T553.8","712.49","553.8","4526.1","4399.8","4269.9","3943.6","2914.5","1993.2","4214","3805.6"
"M377.27T556.2","377.27","556.2","12901.7","11109.4","13606.5","10886.7","16646.1","4216.5","15546.4","13550.4"
"M819.64T556.8","819.64","556.8","7422.9","7449","7291.1","7155.7","8756.2","9117.1","8974.7","8500.9"
"M505.37T556.8","505.37","556.8","14493.1","14273.6","14745.4","13185","16501.5","3465.7","16106.2","15721"
"M725.99T557.4","725.99","557.4","6582.8","6195.3","6556.1","5682.7","7041.4","6723.2","6514.4","6485.3"
"M725.5T557.4","725.5","557.4","7847.8","7223.8","7341.8","7345","7726.3","7563.6","8672.7","7534.8"
"M836.64T558.6","836.64","558.6","7890.9","7293.1","13772.5","11676.3","19286.6","17395.2","26160.1","22300.1"
"M899.67T559.2","899.67","559.2","1752.4","1780.3","744.2","1136.2","2575.9","4727.1","2323.1","2634.6"
"M955.97T564.6","955.97","564.6","4077.4","5376","44297.1","60113.5","8623","14626.7","61426.2","78438.5"
"M248.97T565.2","248.97","565.2","114401.7","157384.6","6628","147433.1","178603.2","244788.5","7652","197236.5"
"M966T570","966","570","6115.7","4925.5","6760.8","4849.4","48363","47585.9","8414.8","37985.2"
"M687.48T571.2","687.48","571.2","4508.5","3852.4","4660","3773","2345","1326.4","4317.8","1663.9"
"M700.99T572.4","700.99","572.4","3755.4","3666.1","3967.4","3571.1","4463.1","2842.3","5041.3","4180.5"
"M714T572.4","714","572.4","2077","1305","1916.4","1948.1","2570.8","2437.3","2966.5","2692.5"
"M377.27T572.4","377.27","572.4","13862.3","12806","4441.4","11806.7","18260.6","16715.4","17790.6","14921.5"
"M713.49T573","713.49","573","1915.1","1366.8","1897","1978.5","2580.9","2352","2965.3","3872.7"
"M463.33T573","463.33","573","2082.3","7440.5","7835.2","1256.8","3106","2842.3","8964","2528.2"
"M700.49T573","700.49","573","5079.4","4046.3","4411","4470.6","4914.6","2367.9","5843.5","5268.1"
"M505.37T573","505.37","573","16090.6","3118.6","15840.1","14753.5","19006.3","18973.3","19341.3","18290.9"
"M391.29T573.6","391.29","573.6","47210.9","45671.2","48344.7","43763","63351.5","63596.8","59876.7","55355.1"
"M819.64T574.2","819.64","574.2","8133.7","8762.6","8975.1","8029.3","10779","11110.3","2183.4","10249.3"
"M726.5T576","726.5","576","1301.1","1490.4","992.3","1539","1275.9","2017.8","1656.9","1295.9"
"M727T576.6","727","576.6","1131.3","829.8","1530","756.6","885.3","1184.7","1249.9","1289"
"M955.97T586.2","955.97","586.2","8134.6","65605","6938.8","19587.7","63931.1","101699.7","60965.4","81345"
"M248.97T586.8","248.97","586.8","117222.9","161317.8","125840","35166.5","178610.8","242420.7","178491.2","28172.2"
"M966T589.2","966","589.2","33996.9","29622.1","33127.1","27270.3","44644.5","44585.9","38977.5","35393.4"
"M377.27T589.8","377.27","589.8","12970.3","12261.4","13681.2","11821.9","19569.4","19715.3","17775.1","14555.9"
"M391.29T589.8","391.29","589.8","51429.1","49090.1","52296.5","47557.4","73949.2","21850.3","66888.8","59651.3"
"M702T592.8","702","592.8","33648.6","29795.1","32789.6","30533.3","25516.4","25848.4","33432.5","29778.2"
"M701.49T592.8","701.49","592.8","39813.5","35576","37227.3","34850.3","29766.4","29648.2","38005.8","34934.1"
"M981.02T592.8","981.02","592.8","48315","3456.9","6427","4761.8","65110.6","10907.8","65863.4","4990.4"
"M728.01T594","728.01","594","1690.8","1311.7","1760.5","1372","3149.1","2266.6","2632.2","2446"
"M714.5T594","714.5","594","15706.2","14325.8","15640","14724","20468.6","19290.1","22957.2","21146.5"
"M727.51T594","727.51","594","1596.7","915.3","1724.6","1253.2","4370.5","2730.9","1818.1","2618.4"
"M715T594","715","594","14461.4","13505.6","14254.8","13656.6","18779.3","16972.8","19569.3","17740.1"
"M391.29T597.6","391.29","597.6","52212","52152.6","54341.9","47583.3","75693","78664.7","67036.9","59985.6"
"M377.27T598.2","377.27","598.2","14096.3","12671","14739.9","12046.1","19988","20244.8","17960.1","15800.9"
"M966T599.4","966","599.4","33980.2","29881.6","34137.9","28019.8","44531.6","44279.3","40265.6","34688.8"
"M955.97T609.6","955.97","609.6","46075.2","70686.3","49402.5","66151.8","68269.8","17810.3","66283.6","13268"
"M795.59T610.8","795.59","610.8","1335.4","3415.1","11228.1","12273.9","3225.2","18477.2","16107.4","16058.9"
"M819.64T612.6","819.64","612.6","2349.7","9603.8","9333.8","9244.9","3882.2","11852.4","11681","11793.9"
"M966T615","966","615","32348.4","28855.1","32519.4","26929.1","42928.5","40096.1","38987.1","33795.5"
"M715.51T615","715.51","615","4851.6","4966.3","5419.9","5400.5","5046.5","5887.1","7301","5947.3"
"M716.01T615","716.01","615","4556","4340","5167.2","4517.1","4310.9","5145.1","5904.3","5427.8"
"M391.29T633","391.29","633","103723.8","91579.1","11583.1","62181.4","125811.3","108625.3","75192.6","68258.7"
"M377.27T633.6","377.27","633.6","20596.4","2587.2","15832.7","12409.7","27587.5","22187.4","16959.8","13977.3"
"M937.77T636.6","937.77","636.6","267.4",NA,NA,NA,NA,"413.7",NA,NA
"M377.27T648","377.27","648","1982","2400.9","19292.9","15293.9","2840.9","24860.4","2175","2959.8"
"M505.37T648","505.37","648","28730.2","28185.9","19656.2","18896.3","31314.9","2981.2","18480.6","2899.6"
"M230.05T648","230.05","648","593.8","822.2","443.6","511.8","639.2","915.6","922.8","455.9"
"M391.29T648","391.29","648","123412.4","116006.8","92089.4","83705.6","156484.5","127704.2","81801.3","74071.7"
"M127T649.2","127","649.2","2832.6","1344","2225.3","1754.3","3589.2","4064.6","2443.6","2411.3"
"M244.06T649.2","244.06","649.2","1068","972.4","1271.7","935.2","801.5","1116.7","1799","1135.1"
"M391.29T657.6","391.29","657.6","7437","106452.4","77323.7","10617.8","139851.1","21485.8","8375.4","72818.6"
"M377.27T669.6","377.27","669.6","3446.7","2474.1","5011.4","5736.3","5603.2","10473.9","9236.1","18756"
"M505.37T673.8","505.37","673.8","34430.6","34201.6","25704.2","23951.1","41704.6","34913.4","24112.8","21792.1"
"M283.26T673.8","283.26","673.8","22193.1","18771.3","2647.7","15591.3","28158.2","26049.4","18633.4","4715"
"M463.33T673.8","463.33","673.8","16830.4","16962.5","11618.2","10767","18799.6","15721.7","949","1914.9"
"M433.33T673.8","433.33","673.8","12366.8","11647.3","9023","8240.9","14369.5","3219.8","1426.5","2109.3"
"M377.27T678","377.27","678","23910.3","1827.8","4930.2","17530.5","33091.8","28865.7","23470.5","18629.9"
"M248.97T687","248.97","687","5850.9","6240","5243.8","3143.3","7783.4","11443","8417.2","7898.1"
"M127T694.2","127","694.2","1920.4","1441.9","1866.6","1431","2839.7","3230","2837.6","2248.2"
"M244.06T694.2","244.06","694.2","694.1","590.3","885.3","766.4","1132.6","2379.4","1838.4","912.9"
"M391.29T694.8","391.29","694.8","132167.2","123573.7","27161.3","87497.3","154615.1","20755.4","12123.8","6216.9"
"M283.26T707.4","283.26","707.4","3027.1","3279.2","4069.8","13474.4","26988.8","3753.6","3339","2818.6"
"M463.33T711","463.33","711","3709.7","2972.2","2920.7","2543","2447.8","1618.6","2123.7","1334.1"
"M391.29T712.2","391.29","712.2","115821.5","103070.6","23999","17688.7","8966.7","9310.9","22202.8","11297.6"
"M172.96T712.2","172.96","712.2","477.7","514.2","413.2","318.9","504.8","572.8","567","1137.4"
"M505.37T712.8","505.37","712.8","24505","24584.5","4663.7","4116","7411.8","3645.1","8466.2","4104.1"
"M1079.98T715.8","1079.98","715.8","21204.3","16417.9","20962.1","15851.3","10167.7","6753.6","7773.8","5560.8"
"M172.96T718.8","172.96","718.8","5594","6309.4","6565.3","6973.5","10252.7","8448.8","8679.8","7982.6"
"M981.02T737.4","981.02","737.4","2733.2","2668","22997.5","3574.7","3951.9","38097.1","30739.4","3629.7"
"M1025.96T745.8","1025.96","745.8","6580.2","6725.7","6894.5","6632.2","9867.2","8881.3","9175.2","7523.2"
"M580.36T97.2","580.36","97.2","1306.4","1269.9","931.4","1002.2","1019.7","1420.4","890.5","1212.6"
"M582.38T145.8","582.38","145.8","3152.8","2453.2","3893.6","3734.6","2731.9","2567.5","2373.2","3028"
"M464.31T168.6","464.31","168.6","8164.5","8056.4","11901.3","11662.9","6636.9","5814.8","8086.5","7537.1"
"M492.35T206.4","492.35","206.4","8273.6","7445.2","11563.7","10531.2","8152.5","8048.1","10773.7","11068.5"
"M827.56T402.6","827.56","402.6","2701.6","6578.4","4170.3","2820.8","7594.4","3300.8","7439.5","7377.4"
"M736.51T270","736.51","270","22291.6","23352.7","20891.1","20264.7","35917.5","41217.1","35097.8","34685.3"
"M732.48T264","732.48","264","2261.7","1463.8","1640.6","1545.3","1667.8","1867.4","1000.4","1118.9"
"M764.54T308.4","764.54","308.4","314327.9","298126.1","299903","283576.7","406098.3","394262.1","389944.5","368418.3"
"M760.51T291","760.51","291","24447.8","24393.5","24617.8","23026.6","24028.7","23727.8","23002.6","21723.9"
"M760.52T307.2","760.52","307.2","13802.5","9261.6","12148.4","9398.6","11513.4","8370.7","10242.5","8168.9"
"M778.55T347.4","778.55","347.4","36602.6","31624.8","35358","30982.6","42674.8","38938.9","41818.7","39103"
"M774.53T309.6","774.53","309.6","63453.7","69581.8","49759.4","60835.3","37265.6","45884.8","41716","49738.7"
"M790.57T346.2","790.57","346.2",NA,NA,NA,NA,NA,"8020.7",NA,NA
"M788.54T327","788.54","327","307430.1","321520.6","283269.8","298107.8","199697.1","195811.1","212478.8","228950.5"
"M788.54T348.6","788.54","348.6","33964.4","19010.8","29313.8","18842.7","26420.6","17626.6","22722.1","16504.4"
"M786.53T301.2","786.53","301.2","39198.6","22820.4","34543.7","23073","36289.1","26098.6","32875","24843.3"
"M806.59T369.6","806.59","369.6","10531.8","9773","9535.8","8972.5","12297.2","12378.9","11789.6","12176.9"
"M806.59T389.4","806.59","389.4","10193.1","6693.4","8549","6882.3","11537.5","9650.8","10714","9324.8"
"M802.56T331.8","802.56","331.8","2229.2","7470.9","1742.1","5961.4","6260.2","5007.7","6268.4","6051.4"
"M802.56T321","802.56","321","14269.6","10270.1","12860.4","9827.3","14529.3","12341.3","13706.8","11133.3"
"M802.56T350.4","802.56","350.4","1551.8","8424.2","8374.7","7457.6","7428.3","6925.7","7728.4","7537.1"
"M802.57T346.8","802.57","346.8","7245.2","6117.4","7119.6","5544.3","3990","7238.1","6158.6","4998.5"
"M800.54T308.4","800.54","308.4","16314.9","12762.3","10815.8","10025.6","9607.2","9305.1","9318.5","9398.8"
"M820.6T376.2","820.6","376.2","1668.8","1481.8","375.3","430.5","1948.1","1615.7","1621.1","1628"
"M816.57T369","816.57","369","4189.1","3329.6","2928.1","3471.1","2799.1","2049.6","1912.4","2313"
"M814.56T348","814.56","348","5850.9","1370.6","2295.4","3180.8","1937.9","1358.2","1051.7","1408.1"
"M814.56T329.4","814.56","329.4","5397.8","5120.3","5063.9","2070.5","1189.6","1821.1","1507.7","1394.3"
"M812.54T309","812.54","309","62235.4","66966.1","52516.9","64867.3","25431.4","29555.7","32746.1","38504.8"
"M810.53T294","810.53","294","13039.8","12060.8","11953.8","10655.4","13360","12694.2","11700.1","10405.5"
"M806.5T256.8","806.5","256.8","2447.3","1003.7","2229","857.5","2252.5","1824","2012.7","1286.7"
"M832.61T394.2","832.61","394.2","16145.2","11619.8","14235.4","11455.7","13942.1","12137.3","13044.2","11523.2"
"M830.59T357","830.59","357","12753.9","9831","11654.1","8549.1","12175.4","10126.7","10527.8","9647.6"
"M826.56T315.6","826.56","315.6","6735.9","6857.8","7751.3","6631.3","7872.2","6675.4","6732.8","7612.3"
"M848.64T453.6","848.64","453.6","3058.7","3876.1","4759.6","5380.8","3250.6","869.3","4894.4","5019.3"
"M848.65T430.2","848.65","430.2","9334.5","8579.2","9012.9","8814.4","15559.2","16278.5","15854.3","15291.8"
"M848.63T442.8","848.63","442.8","9921.3","9759.7","8583.1","10407","12098","14322.9","10946.8","11756.9"
"M844.6T393","844.6","393","2835.3","2673.7","2842.3","3072.7","3379.9",NA,"3214.8","4892.1"
"M842.59T369","842.59","369","2589","3594.8","3012.9","3136.1","3104.7","3509.1","3312.7","3741.9"
"M840.58T351","840.58","351","450.4","4279.1","818.9","1593.5","1149.1","1194.8","1302.4","1166.3"
"M838.56T319.2","838.56","319.2","161601.2","136006.1","156111.9","148567.5","157624.7","143336.2","183562.3","188660.4"
"M836.54T295.2","836.54","295.2","43957.8","38135.7","42117","37967.7","40490.9","37977","43275","41831.3"
"M834.53T284.4","834.53","284.4","34201.9","36651","35115.5","37258.4","45173.3","47802.8","46692.8","46404"
"M860.64T429","860.64","429","1441","1454.3","1420.2","1496.2","3518.2","2793.1","838","2735.3"
"M858.62T396.6","858.62","396.6","828.7","733.8","2068.5","552","1249.2","2434.4","1006.3","805.3"
"M850.56T307.2","850.56","307.2","17218.4","8917.5","10328.9","7238.7","8445.4","6552.5","7866.9","6852.1"
"M874.57T307.2","874.57","307.2","1272","574.1","780.2","1302.3","811.7","1471.1","1541.1","1374.6"
"M900.57T306.6","900.57","306.6","14280.2","4327.6","10467.2","6226.7","19375.4","8901.6","15475.9","8902.4"
"M924.67T444","924.67","444","1508.7","3361.9","3609.6","3686.4","1996.3","1510.1","1677.2","890.9"
"M952.71T483","952.71","483","13002","12693.8","11028.9","10638.4","10454.4","11784.4","8768.2","9015.8"
"M662.48T315.6","662.48","315.6","5879","6612.6","5913.3","5957.8","10591.3","10958.4","10887.1","10717.9"
"M690.51T355.8","690.51","355.8","26552.9","28878.8","25066","24863.1","36838.2","40023.7","36438.4","36740.2"
"M688.49T319.2","688.49","319.2","42667.3","30068.9","41905.8","16774","50711.9","37901.8","46690.4","37186.9"
"M688.49T327","688.49","327","6883.7","8360.5","5741.8","8157.9","8548.2","11103.1","10370.2","10686.6"
"M702.51T340.8","702.51","340.8","9456.8","10160.8","9375.3","9244.9","10626.9","10881.8","10801.2","10766.5"
"M700.49T307.2","700.49","307.2","42064.7","29276.2","31567.7","27836.6","38683.6","32732.1","35855.8","31906"
"M714.51T349.2","714.51","349.2","4858.6","4929.3","5286.2","5355.8","3453.5","5696.2","6714.9","6236.6"
"M712.49T306.6","712.49","306.6","24476.8","18381.6","18428.8","16740","25867.7","23558.6","24288.3","23380.8"
"M730.54T382.2","730.54","382.2","27531.1","27999.6","26766.6","26720.1","28014.9","28456.3","28421.1","29110.6"
"M728.52T349.2","728.52","349.2","50673.4","53362.6","48011.8","48685.5","57149.6","60144.1","59217.7","59132.9"
"M742.54T364.8","742.54","364.8","249563.4","253633.5","233419","232111.4","298545","304166","288957.1","292735.9"
"M740.52T341.4","740.52","341.4","8047.5","8485.1","6237","8013.2","7720","9919.9","7284.3","12063.5"
"M740.52T350.4","740.52","350.4","12412.6","13219.5","12049.8","12070.2","13718.9","14386.6","13827.3","13587.4"
"M740.51T307.2","740.51","307.2","19523.2","19576.4","15444.5","17940.5","28286.3","28346.4","18407.8","24394.4"
"M738.51T306.6","738.51","306.6","71715.9","51404.6","59587.5","51472.4","95475.5","82337.2","91467.2","84387"
"M758.57T421.8","758.57","421.8","3416.8","1002.8","3216.7","3099.5","5230.4","5255","4878.9","5205.6"
"M756.55T384","756.55","384","2211.6","2645.2","2329.5","2725.2","8588.7","8738.1","8486.4","8683.8"
"M754.54T351","754.54","351","7839.9","8467","7756.8","7499.6","13677","14772.8","13077.7","13445.1"
"M752.53T345","752.53","345","18069.9","17361.7","19168.4","18661.4","22184.6","19945.3","23988.6","22782.6"
"M772.58T442.2","772.58","442.2","8930.7","8219.9","8296.3","8252.6","8210.8","7996.1","7992.2","7487.4"
"M770.57T403.8","770.57","403.8","9369.7","9943.1","9218.5","9362","15731.6","13154.2","13185.1","13845.4"
"M768.55T375","768.55","375","6135","4292.4","7518.9","4793.1","4685","6015.9","4617.5","10266.6"
"M768.55T381.6","768.55","381.6","20320.2","19411.9","19988.2","19800.2","14717","14632.5","14733.4","15010.6"
"M768.55T393.6","768.55","393.6","14874","15038.7","14034.4","15484.2","14020.8","11004.7","12487.9","12621.2"
"M766.54T352.8","766.54","352.8","156445.2","168978.7","178553.3","179403.6","198690.1","220299.8","208230.2","205931.9"
"M764.52T326.4","764.52","326.4","154051.6","200096","176425.7","199446.8","217230.9","262755.1","239963.9","259668.2"
"M764.52T336","764.52","336","40292.1","41394","39578.1","43798.7","21799.1","19969.9","24651.2","43284.6"
"M780.56T375.6","780.56","375.6","7203.9","4271.5","3515.5","3308.5","4451.6","7395.8","5087.8","8650.2"
"M800.62T481.8","800.62","481.8","12537.5","11723.4","10755.9","10348.1","8422.6","8877","8140.3","8435"
"M798.6T442.8","798.6","442.8","7133.5","6721.9","1836.1","2661.8","9231.8","9214","9494","9037.8"
"M796.58T422.4","796.58","422.4","4908.7","5180.2","5053.8","1722.1","2478.2","1353.9","2220.4","945.3"
"M794.57T382.2","794.57","382.2","1425.1","4224","3832.8","4175.9","3109.8","4983.1","2978.4","5255.4"
"M794.57T393","794.57","393","375079.2","367752.6","358025.1","361911.2","379105.6","349405.7","412873.1","420187.6"
"M794.57T404.4","794.57","404.4","3118.5","2794.5","3451.9","2472.5","3726.2","3000","2769.5","3586.9"
"M792.55T365.4","792.55","365.4","154955","154738.4","154090.4","153962.6","160242.4","160246.9","164412","167812.4"
"M792.56T379.2","792.56","379.2","9662.6","9255.9","8603.4","8651.8","8615.4","8353.3","8810","8702.3"
"M792.56T352.2","792.56","352.2","243043","242802.6","230662.5","229667.5","342177.3","364320.2","335493.5","339106.4"
"M790.54T351.6","790.54","351.6","750748.6","783293.2","756610.4","754970.4","847492.5","928883.6","867637.7","877753.1"
"M808.58T388.8","808.58","388.8","2165.8","1552.2","1596.4","1677.5","2378","2133.5","2294.4","2355.8"
"M804.56T339","804.56","339","12222.6","13896.2","11462.3","13096.6","12353","13145.5","12345.9","13321.3"
"M828.65T518.4","828.65","518.4","20534.9","20361.5","15528.4","16613.2","16142.6","15799.8","15435.3","15575.2"
"M826.63T479.4","826.63","479.4","5755","5681.1","5338.7","5517.5","10053.6","10071.8","9328.1","9028.6"
"M822.6T424.8","822.6","424.8","10818.6","10595.2","9761.7","9366.4","15152","15371.6","14857.6","14377.7"
"M822.62T444","822.62","444","10087.5","10611.3","10111.2","5549.6","7665.4","9169.2","7225.8","7925.9"
"M820.6T391.8","820.6","391.8","78538","71068.4","70465.2","68275","99802.9","101040.1","103860.8","103236.7"
"M820.59T405","820.59","405",NA,NA,"4575.1",NA,NA,NA,NA,NA
"M818.58T393","818.58","393","4656.3","4659.3","5020.6","2476","4116.8","3957.5","4470.6","4268.4"
"M816.56T352.2","816.56","352.2","10157.9","10626.5","10383.3","10358.8","20201","20321.4","18296.8","19089.2"
"M838.55T307.8","838.55","307.8","11258.4","7247.5","11571.1","11354.8","21176.3","18986.3","23111.2","22465.5"
"M850.65T483.6","850.65","483.6","13683.8","15796.3","11442.9","12023.8","11086","13972.9","10291.4","10736.4"
"M693.47T255","693.47","255","13266.8","14845.8","12255.4","14758.9","22482.7","24348.4","35507.2","35374.9"
"M721.5T286.8","721.5","286.8","36369.5","35655.9","34629.4","34303.6","64013.5","78550.4","112549","108797.5"
"M719.49T238.2","719.49","238.2","793.5","857.3","710.1","577","657","669.7","747.3","525.3"
"M719.49T258","719.49","258","34479.9","36303.2","28539.1","32880.7","62484","65091","58990.9","58512.7"
"M735.52T306.6","735.52","306.6","19612.9","7739.9","12735","8219.5","23480.8","13618.5","24743.1","16429.1"
"M733.5T274.2","733.5","274.2","10338.3","10343.3","8890.2","10637.5","23848.6","23186.9","23129.1","22559.3"
"M747.52T265.8","747.52","265.8","4995.8","10692.1","8738.1","11117.2","3688.1","5710.7","5451.9","6090.8"
"M747.52T289.8","747.52","289.8","1006973.1","1002369.6","864186.7","902292.7","1700909.2","1737513.7","1600000.7","1548624.3"
"M745.5T244.2","745.5","244.2","3216.2","3506.4","4201.6","4057.9","1036.2","987.9","1017.1","889.8"
"M745.5T263.4","745.5","263.4","16558.6","18141.1","17931.7","20469.3","39038.7","39184.8","43417.1","46158.7"
"M761.54T307.8","761.54","307.8","276377.6","204145.1","198832","181937.7","469664.1","390091.9","388676.8","334110.2"
"M777.56T373.2","777.56","373.2","13455.9","22184.5","21908.3","11850.5","24993.8","22682.1","26231.7","18405.4"
"M777.57T367.2","777.57","367.2","4796.1","3856.2","4834.3","3763.2","6194.2","5791.7","4418.1","3681.8"
"M775.55T306.6","775.55","306.6","30340.9","13287.9","15674.1","15850.4","12308.6","9815.7","9078.6","9654.5"
"M775.55T298.8","775.55","298.8","5119","9565.8","6012.9","8593.8","12418.9","9632","9687.4","12275.3"
"M775.55T325.8","775.55","325.8","243522.5","213758.4","194594.4","189509.7","350587.2","343744.2","317177.6","299347.4"
"M773.54T306.6","773.54","306.6","17957.3","10232.1","11471.5","8513.4","20020.9","12467.1","14733.4","11050"
"M773.53T271.2","773.53","271.2","22175.5","22797.6","21227.7","20563.1","11668.1","7047.2","8289.5","7806.7"
"M773.53T293.4","773.53","293.4","164344.9","152981.9","118651.3","117132.9","229377.2","185636.7","163359.1","151275.7"
"M771.52T250.2","771.52","250.2","8529.6","8665.6","10969.8","10507.1","2665.9","2406.9","4473","2219.2"
"M771.52T270","771.52","270","5510.4","4498.7","5573","5148.6","7181","5797.4","7486.1","6426.3"
"M789.56T348","789.56","348","17422.5","9504.9","14207.8","7925.6","13717.6","8201.5","11550.8","8155"
"M801.56T307.2","801.56","307.2","27093.9","19612.5","21236","15841.4","30891.3","8039.5","9070.2","8639.8"
"M801.56T328.2","801.56","328.2","3887.4","1706.1","1208.1","1627.5","6686.3","5129.2","4975.6","4457"
"M799.55T307.2","799.55","307.2","8210.3","6887.3","7688.6","6991.3","8168.9","6292.1","7570.8","7031.5"
"M797.53T261","797.53","261","4878.8","6330.3","6230.5","7159.2","1032.4","1115.2","1116.2","1301.7"
"M797.53T270.6","797.53","270.6","367.7","1031.3","409.5","1365.8","1372.3","863.5","839.2","948.8"
"M795.52T247.8","795.52","247.8","3940.2","4061.5","6625.2","6301.7","1884.7","1575.2","2104.6","2768.9"
"M793.5T235.2","793.5","235.2","6486.9","6660.1","9343","8721.5","4783.9","4200.5","4932.6","4801.8"
"M833.64T420.6","833.64","420.6","3197.7","3622.3","1737.5","5455.9","1995","5797.4","1332.2","4580.8"
"M825.56T303.6","825.56","303.6","7997.4","5383.6","6465.7","3948.1","4824.5","5660","5921.1","4842.3"
"M821.53T256.2","821.53","256.2","6478.1","7442.4","6569.9","8087.3","2615.2","2804.7","3362.8","2935.5"
"M819.52T238.8","819.52","238.8","41713.7","41322.7","49476.3","46415","28167.1","25735.5","29493.1","27995.2"
"M817.5T221.4","817.5","221.4","14590.7","14140.5","22373.1","21459","14630.8","12089.6","18885.3","18281.6"
"M847.65T444","847.65","444","19424.7","35273.8","21940.6","21774.3","11675.7","11291.1","12234.9","12938.3"
"M841.5T218.4","841.5","218.4","6308.3","5721","12250.8","11093.9","8770.1","6556.8","13864.3","13962.3"
"M865.5T213.6","865.5","213.6","43489.8","37452.3","55051.1","53446.5","77202.3","60883.2","91780","93075.4"
"M875.59T345","875.59","345","3277.8","3658.4","2163.5","3086.1","4333.7","5084.3","4030.1","4312.4"
"M929.63T393.6","929.63","393.6","4036.9","3967.4","4198.9","2226.8","1489","2997.1","4381.1","2777"
"M861.55T285","861.55","285","30201","32598.1","37433.9","35084.3","42444","38675.6","47985.6","47127.2"
"M859.53T262.2","859.53","262.2","12933.4","12303.2","14168.1","13745.9","21409.7","20968","22825.9","22636.8"
"M891.6T351","891.6","351","541.9","680.6","1057.8","411.8","735.6","671.2","1456.4","497.5"
"M889.58T325.2","889.58","325.2","13442.7","14658.5","12502.6","14386.4","24473.9","14768.4","13211.4","13491.4"
"M887.57T301.2","887.57","301.2","155540.9","119173.8","136987.8","113786.9","98022.2","85348.8","89034.3","75382.7"
"M883.53T256.8","883.53","256.8","137653","141349.8","150281.6","153928.7","145732.1","150730.6","159428","156772.9"
"M903.6T342","903.6","342","1193.8","570.3","660.3","423.4","1055.2","966.2","970.5","438.5"
"M901.58T318.6","901.58","318.6","13108.4","12330.8","12614.2","11813","11943.3","11712","11608.1","10648.5"
"M897.55T271.8","897.55","271.8","5517.5","5712.5","6379.9","6517.9","6847.4","6970.5","7575.6","7273.3"
"M917.61T360.6","917.61","360.6","751.3","730","656.6","601.1","1194.7","831.7","697.2","727.8"
"M915.59T308.4","915.59","308.4","115505.7","125805.4","105082.6","107421.7","107727","130497.4","115053.5","138391.7"
"M915.6T337.2","915.6","337.2","926.3","2005.5","1316.9","3472","5151.7","2107.5","2034.2","2398.6"
"M913.58T309","913.58","309","691454.1","825642.4","629684.1","717901.3","732158.4","925057.7","805936.9","827406.9"
"M911.56T286.8","911.56","286.8","63471.3","59468.6","69451.6","62512.8","68409.3","69321.9","72801.5","69353.2"
"M909.55T259.2","909.55","259.2","5372.3","5247.7","5803.5","5480","6847.4","8165.3","7865.7","7686.4"
"M909.55T277.2","909.55","277.2","17979.3","17813.2","18235.1","18640.8","20430.6","24595.7","22507.2","23427.1"
"M907.53T249.6","907.53","249.6","4358.9","4255.4","4916.4","4437.6","6762.4","7326.4","7666.3","7288.3"
"M706.5T279","706.5","279","10268.8","13370.6","8011.3","10459.7","8937.5","11119","6735.2","7255.9"
"M762.56T361.2","762.56","361.2","37790.2","40707.7","33103.2","34760.1","36030.3","41147.7","29829.7","29877.7"
"M788.58T370.8","788.58","370.8",NA,"2518.8",NA,"1671.2","3141.5","2783","2545.1","1898.7"
"M796.55T352.2","796.55","352.2","8067.7","8880.5","8771.3","8462.5","9413.1","11026.4","9806.7","5776.1"
"M816.61T409.2","816.61","409.2","10541.5","12556","10706.1","12720.5","4461.8","3068","3732.9","2789.7"
"M830.63T422.4","830.63","422.4","19440.5","24038","20177.3","23461.6","20218.8","22692.2","18130.8","18754.8"
"M830.63T413.4","830.63","413.4","2230.9","2168.1","1809.4","1803.4","2496",NA,"2146.4",NA
"M824.58T394.2","824.58","394.2","4897.3","4238.3","4470.9","4218.7","5151.7","1876.1","4641.3","4526.4"
"M822.59T353.4","822.59","353.4","3315.6","3167","2894.9","3196.9","3431.9","3005.8","3201.7","3149.5"
"M860.67T501.6","860.67","501.6","7832.9","8333.9","6449.1","7062.8","6985.6","8511","7301","6810.5"
"M858.66T460.8","858.66","460.8","10217.7","3489.3","9146.6","10287.3","10264.1","11625.3","9319.7","9994.7"
"M850.58T394.8","850.58","394.8",NA,NA,NA,NA,NA,"1067.5","1025.4",NA
"M874.69T518.4","874.69","518.4","7346.4","8580.1","6035.9","6529.5","8590","10149.9","7815.6","8325.1"
"M646.48T335.4","646.48","335.4","1897.5","3150.9","1592.7","1546.2","2392","1611.4","2123.7","2022.5"
"M674.51T377.4","674.51","377.4","11576","10792.9","9265.6","9744.3","11930.6","11982.5","11590.2","11778.9"
"M672.5T340.8","672.5","340.8","7676.3","7895.7","2787","2454.6","6953.9","3057.8","2296.8","5726.3"
"M672.5T347.4","672.5","347.4","7577.7","7753.2","6091.3","6896.6","7192.4","4407.4","6230.2","6081.5"
"M686.51T359.4","686.51","359.4","8747.8","9052.5","7565.9","7542.4","6758.6","7673.5","6987.1","6722.5"
"M702.55T419.4","702.55","419.4","17563.2","16527.2","16044.8","16756.1","15207.9","16560.6","17012.3","17433.5"
"M696.5T332.4","696.5","332.4","1441","1464.7","1534.6","1010.2","1187.1","1203.5","1292.8","657.2"
"M714.54T396","714.54","396","2436.8","2248.9","2240.1","2162.5","1495.3","972","1316.7","1394.3"
"M730.58T459.6","730.58","459.6","6178.1","5469.1","5833.1","2884.2","6616.6","6284.9","7052.7","4968.4"
"M726.54T385.2","726.54","385.2","7015.6","6029","6427","4300","4291.8","17098.7","4499.3","5422"
"M724.53T350.4","724.53","350.4","28939.5","28218.3","11511.2","10028.3","29290.7","29055.2","26206.6","25413.7"
"M724.53T355.8","724.53","355.8","22932.9","23379.3","19146.3","18527.4","10593.9","14561.6","10388.1","11078.9"
"M724.53T372","724.53","372","3068.4","2744.1","3070.1","3347.8","4451.6","1865.9","2034.2","1688.2"
"M722.51T348.6","722.51","348.6","222441.3","206972.8","183737.1","197366.5","129153.2","116959.9","131705.3","125432.6"
"M720.5T307.8","720.5","307.8","187061.5","148571.6","157954.5","121792.9","136841.5","129801.6","129573.2","117727.7"
"M756.59T461.4","756.59","461.4","13600.2","14100.6","12577.3","11930.9","8293.2","8775.7","8528.2","8275.3"
"M754.57T410.4","754.57","410.4","1266.8",NA,"1451.6","1511.3","1523.2",NA,"1541.1",NA
"M754.57T428.4","754.57","428.4","6620.6","6590.7","5799.9","5994.5","1519.4","1973","2257.4","889.8"
"M752.56T412.8","752.56","412.8","1923","2022.7","1933","1862.4","1393.8","2071.3","1091.1","1158.2"
"M750.54T371.4","750.54","371.4","252354.7","245520.1","238629.6","243969","242793","238129","262452","272811.3"
"M748.53T355.2","748.53","355.2","194774.7","197479.3","178847.5","173412.7","107016.8","98557.9","97643.7","113807.6"
"M784.62T498.6","784.62","498.6","6742","6227.6","6826.3","6127.6","5925.4","5425.7","6044","5284.3"
"M782.61T465.6","782.61","465.6","3985.9","4035.8","2012.3","1618.5","1240.4","2489.4","1813.3","2199.6"
"M780.59T442.2","780.59","442.2","1646.8","1721.3","2060.2","1462.2","1250.5","1288.8","4073.1","1548.2"
"M778.58T404.4","778.58","404.4","21595.8","23136.9","40837.8","22175.3","26695.9","24854.6","24245.3","25226.3"
"M778.58T411.6","778.58","411.6","109887","109319.1","109034.3","111718.2","92011.9","97630.7","101029.2","108553.4"
"M778.57T449.4","778.57","449.4","9304.6","6072.7","10189.6","7073.5","8474.6","2285.4","7610.2","4025.4"
"M776.56T372.6","776.56","372.6","40991.4","36931.4","42962.6","62314.5","82865.1","78168.5","88787.2","93508.1"
"M776.56T396.6","776.56","396.6","17247.4","10704.5","11910.5","16715","5487.8","4285.9","6476.2","4299.6"
"M774.54T348","774.54","348","120100.4","114615.3","117742.9","116894.4","190735.5","183122.7","197805.1","204111.8"
"M774.55T356.4","774.55","356.4","16519","17832.2","18703.6","16674.8","22145.3","25206.1","23786.9","23631.9"
"M806.6T444.6","806.6","444.6","14078.7","13236.6","3114.3","13324.3","16351.8","15951.6","16733","14623"
"M804.6T423.6","804.6","423.6","18479.9","18685.8","17995.3","18639","14394.9","14169.6","14277.4","7188.8"
"M802.57T396","802.57","396","6406","6262.8","5775.9","5822.1","4294.4","3707.3","4055.2","4334.4"
"M762.53T277.8","762.53","277.8","33336.3","32618.1","31803.8","28068","43125.1","45669.3","42145.7","37396.3"
"M814.55T307.8","814.55","307.8","11995.6","14240.3","11199.5","14216.7","12681.5","7287.3","13066.9","14488.8"
"M832.6T373.2","832.6","373.2","22323.3","21308.2","20997.2","19539.4","21522.6","22152.6","21012.6","20598"
"M828.57T325.8","828.57","325.8","7322.6","6045.1","6565.3","5497.8","7319.2","6377.5","6289.9","5655.7"
"M844.61T356.4","844.61","356.4","123092.2","114334.9","113556.9","106081.9","109559.7","107132.6","105587","105540.4"
"M842.58T346.2","842.58","346.2","1828","2266","1719.9","1759.7","13920.6","15542.3","14961.4","13932.2"
"M838.56T280.8","838.56","280.8","7952.5","6047","8597.9","6904.7","11486.7","9701.5","10733.1","9101.5"
"M858.62T376.2","858.62","376.2","6481.6","2073","6008.3","2081.2","7108.7","6765.1","3045.3","6309.5"
"M874.65T434.4","874.65","434.4","6330.3","6276.1","6327.4","5964.1","3324.1","2618.1","7057.5","7184.2"
"M870.62T363.6","870.62","363.6","7472.2","6934.8","7123.2","6868.1","8919.8","8865.4","3171.8","8423.4"
"M868.61T344.4","868.61","344.4","10385.8","9891.8","11556.4","11331.5","15224.3","15513.4","16798.6","16805.2"
"M864.57T291","864.57","291","4829.6","4575.7","5746.4","5581.8","6612.8","2297","7629.3","7500.1"
"M900.67T435","900.67","435","1236","1035.1","778.4","1304.1","1377.3","1873.2","1350.1","2138.3"
"M898.65T403.2","898.65","403.2","538.4","518","533","673.5","915.7","1006.7","724.6","983.5"
"M894.62T345.6","894.62","345.6","4057.2","3993","4608.3","4260.7","7514.5","8003.3","8084.2","8144.6"
"M892.6T321","892.6","321","4088","3987.3","4486.6","4509","6030.6","5628.2","6679.1","6693.6"
"M890.58T324.6","890.58","324.6","7430.8","4125.1","6569","7178.9","13381.5","5114.7","7270","4870.1"
"M884.54T256.2","884.54","256.2","65834.2","70680.6","59359.8","55032","73355.6","76836.3","61183.8","79290.1"
"M831.66T430.8","831.66","430.8","5019.6","4416.9","4397.2","3788.2","5584.2","5056.8","6121.6","5388.4"
"M859.69T451.8","859.69","451.8","5822.7","2116.7","6191.8","6062.4","9881.1","9668.2","10369","9384.9"
"M859.69T471.6","859.69","471.6","9432.2","2260.3","8944.6","2008.9","9177.2","3092.5","9043.9","8481.3"
"M857.67T428.4","857.67","428.4","7203.9","5269.5","7079.9","5680.1","14420.3","12778.1","13409.5","12004.5"
